Asset,mean_daily_return,mean_annual_return,median_daily_return,daily_volatility,annual_volatility,volatility_of_volatility,sharpe_ratio,sortino_ratio,calmar_ratio,skewness,kurtosis,jarque_bera_stat,var_95,var_99,cvar_95,max_drawdown,price_range_ratio,current_vs_mean_price,price_stability,momentum_5d,vol_adj_momentum_5d,momentum_10d,vol_adj_momentum_10d,momentum_21d,vol_adj_momentum_21d,momentum_63d,vol_adj_momentum_63d,momentum_126d,vol_adj_momentum_126d,momentum_252d,vol_adj_momentum_252d,recent_1month_return,recent_1month_volatility,recent_1month_sharpe,recent_3month_return,recent_3month_volatility,recent_3month_sharpe,recent_vs_historical_return,recent_6month_return,recent_6month_volatility,ma_ratio_20_50,price_vs_ma20,price_vs_ma50,rsi_14,bollinger_position,trend_strength,vol_regime,momentum_acceleration,recent_performance_percentile,rolling_mean_21d,rolling_std_21d,rolling_sharpe_21d,rolling_min_21d,rolling_max_21d,rolling_q25_21d,rolling_q75_21d,vol_stability_21d,rolling_mean_63d,rolling_std_63d,rolling_sharpe_63d,rolling_min_63d,rolling_max_63d,rolling_q25_63d,rolling_q75_63d,vol_stability_63d,rolling_mean_126d,rolling_std_126d,rolling_sharpe_126d,rolling_min_126d,rolling_max_126d,rolling_q25_126d,rolling_q75_126d,vol_stability_126d,rolling_mean_252d,rolling_std_252d,rolling_sharpe_252d,rolling_min_252d,rolling_max_252d,rolling_q25_252d,rolling_q75_252d,vol_stability_252d,market_correlation,max_market_correlation,sector_correlation,max_sector_correlation,mean_correlation,median_correlation,max_correlation,min_correlation,correlation_dispersion,safe_haven_score,sector_ETF_Bonds,sector_Technology,sector_ETF_Small,sector_ETF_Broad,sector_Consumer,sector_ETF_Commodity,sector_REIT,sector_ETF_Emerging,sector_Energy,sector_Utilities,sector_Healthcare,sector_Industrial,sector_Communication,sector_ETF_Tech,sector_Materials,sector_ETF_International,sector_ETF_REIT,sector_Financial,type_Stock,type_ETF,is_etf,is_tech,is_defensive,is_cyclical,is_commodity,bull_market_days,bear_market_days,sideways_market_days,positive_days_ratio,large_move_days,information_ratio_spy,tracking_error_spy,beta_spy,liquidity_proxy,price_impact_proxy,tail_ratio,upside_potential,downside_deviation
AAPL,0.0009417542277577174,0.23732206539494477,0.000988355482227643,0.018165516517683257,0.28836863485695574,0.007058035581031253,0.8229815476037037,0.05142648784056917,0.6248682503934234,-0.016227865469529507,4.0287384205652055,1698.2506767715183,-0.028414684616322183,-0.04905518740122484,-0.042102051392076505,-0.3797953652558349,12.51469226762916,1.9858048942497357,1.500387139046844,0.01821339041660197,1.7572812127492852,0.04438789186136005,3.954500567712924,0.026106533135153098,2.3213956260226825,-0.10522614810019537,-3.8444537173405418,-0.24405280878186186,-10.627714852696988,-0.08264243843599317,-4.413746776454078,0.026106533135153098,0.17852552187674603,1.7548101488711765,-0.10522614810019537,0.4344995254414834,-0.968711282188655,-252.67336496798538,-0.24405280878186186,0.36453915884264465,-0.010347274662652173,0.02249110771191276,0.0119111113802981,57.1319078527807,0.9480121365659672,0.06916366423634761,0.6006262811447454,0.04992664317427775,0.1282051282051282,0.0012881119930820866,0.011246050799140268,0.11453905162695507,-0.019193760422328232,0.022484475164182616,-0.005955319842392948,0.0062905366332437485,133.20086500920925,-0.0013924976835752894,0.027370897359374924,-0.05087511985054955,-0.09175270614325823,0.09367679551235206,-0.011561928443252378,0.007051203262291472,162.34228978938432,-0.001954920238062154,0.022963808510531168,-0.08513048857577916,-0.09175270614325823,0.09367679551235206,-0.011651234103667168,0.007721727835524661,192.0670998343492,-0.00016649469824432772,0.018723873983180025,-0.008892107391552237,-0.09175270614325823,0.09367679551235206,-0.007142088644907174,0.010059072909478162,224.5605962927259,0.7630218196968808,0.8069933965650538,0.5663725494476468,0.6798684793989318,0.4134604748771544,0.39307582153291076,0.8069933965650538,-0.10138860444712527,0.17656215450356097,-0.48356657231135836,0,1,0,0,0,0,0,0,0,0,0,0,0,0,0,0,0,0,1,0,0,1,0,1,0,1255.0,1084.0,172.0,0.5316606929510155,0.053763440860215055,0.0300712551862464,0.012353147906900315,1.2447508332474153,55.04935678688509,0.012758521555827266,0.9994835295818001,0.013634057927211816,0.018312629683701426
MSFT,0.0011606139858916639,0.2924747244446993,0.0011110666906537503,0.016732807078669067,0.26562507759707726,0.006608468466661078,1.1010809938975334,0.06950675801469006,0.7873128373666621,0.1360510487606001,3.9780439777007333,1663.4196336596347,-0.026583727901942134,-0.043456784820163644,-0.03799537073864853,-0.3714847650940688,14.083065152173436,2.485918653577967,1.547673624662374,0.02347737379034842,4.457796903908156,0.047267164836881426,6.564468278654116,0.08443797768546712,13.38668043826179,0.29827836367225613,15.41554289044373,0.12164874976420981,6.773695639814192,0.09397172092094475,5.98605074714482,0.08443797768546712,0.10013022624777403,10.119379234381096,0.29827836367225613,0.30715896703344314,3.8843516964918026,-251.07879585136774,0.12164874976420981,0.28509016905299434,0.06841640718522402,0.03941181459730858,0.11052463653793043,76.21173382500534,0.9147600515753073,0.01517449363593165,0.4017983427369841,0.4343274721303517,0.9914529914529915,0.0038864137864988305,0.006307611366005696,0.6161466775591642,-0.008165062964850311,0.018014256835915177,0.001943957263130125,0.00821350291827172,142.51652077166332,0.0043316989073773375,0.0193491961841423,0.22386970839271328,-0.0366059709875346,0.08689310898477728,-0.004617173935818342,0.009463470112533456,171.92365679788767,0.0010695253276095165,0.017958992584371027,0.05955374849590842,-0.06180906015663257,0.08689310898477728,-0.008083395170291913,0.008013187293378077,199.47926063792514,0.0004786716663373359,0.015698450429236073,0.03049165065654377,-0.06180906015663257,0.08689310898477728,-0.0071337420082934755,0.00830377908132962,238.40495847608724,0.8116957229022689,0.8615266076045347,0.6143187989122179,0.7205472366819902,0.43381173327953876,0.3998652242607301,0.8615266076045347,-0.10263503898054567,0.19485746385733413,-0.508083689058747,0,1,0,0,0,0,0,0,0,0,0,0,0,0,0,0,0,0,1,0,0,1,0,1,0,1270.0,1051.0,190.0,0.5420151334129829,0.050577459179609714,0.056510317951351655,0.010446489112023682,1.2173430183705582,59.76283568551968,0.01175398177804802,0.9599449057020183,0.01291648566148121,0.01669785815138107
GOOGL,0.0008922485465188938,0.22484663372276126,0.001202432626390193,0.018121509724004267,0.2876700486645241,0.00655886283396311,0.7816129442970741,0.048598540326551434,0.5074997662743628,0.023278401391559643,3.99791509525077,1672.4821679537629,-0.02822474393747254,-0.05029837499596838,-0.04213670970161742,-0.44304775817611997,7.64733809569554,1.971883607767888,1.9520132081398367,0.06683209106464338,4.11896418400037,0.00893111338493724,0.43160963074077596,0.026669071536094213,1.5215672740778705,0.13928792989533778,5.833751897497904,-0.10239757538569527,-4.599745027744474,-0.04032851165609841,-2.0100148292434254,0.026669071536094213,0.27823836191899665,1.1501967457898574,0.13928792989533778,0.37902320456321237,1.4699673077362496,-251.65823400804678,-0.10239757538569527,0.3533915697836658,0.03886460067040498,0.021576349882878265,0.06127950677540617,50.19574845033365,0.704481338732643,0.06633192253873184,0.8735822567004177,0.35142526492638304,0.7863247863247863,0.0014004445666233125,0.017527369305610677,0.07990044268508777,-0.0385414704147482,0.0325187398698803,-0.009303688178676217,0.014254130375519258,142.79059897387444,0.0023510730690540506,0.023876217628500555,0.09846924272660434,-0.07259689872418995,0.09298539370606168,-0.01140002774997434,0.016249795550314583,176.7630708870895,-0.0006105118753606826,0.022261576406531133,-0.027424467351807563,-0.07292373337949898,0.09298539370606168,-0.013346036366239544,0.014891185450287114,206.8615261816368,3.763926732238471e-05,0.02006378812203997,0.0018759801037291739,-0.07292373337949898,0.09298539370606168,-0.011121327171565082,0.012283175415759018,239.53662008278653,0.7454012991720628,0.7939821388169065,0.5882385461388144,0.7205472366819902,0.39872714270104975,0.37424800366978167,0.7939821388169065,-0.0944222996778343,0.1862820244281825,-0.49666437812444103,0,1,0,0,0,0,0,0,0,0,0,0,0,0,0,0,0,0,1,0,0,1,0,1,0,1275.0,1067.0,169.0,0.5356431700517722,0.056551174830744726,0.02544591667709634,0.01265307066390039,1.20655803889032,55.18304022293306,0.012744427216325759,0.9568232063496495,0.01330195014188433,0.018359575010351098
NVDA,0.002717339001070761,0.6847694282698318,0.0027219186309397347,0.030671038374643435,0.48688763994855144,0.010317803133362901,1.4064218766000922,0.09098957960161377,1.0322882387525405,0.2018127064969278,3.7392885990663762,1479.9407863549147,-0.045436535774286746,-0.07659174114863004,-0.06681671335607114,-0.6633509930301398,338.0729780247602,5.867388546564343,0.6863487042408083,0.09585910730208802,5.644678425190857,0.11284077012549076,7.053154980787142,0.13514596511931454,7.931876385003217,0.4084717699694247,11.806029209968186,0.12108364779801528,3.217896227499064,0.24384985015665017,6.891959800347359,0.13514596511931454,0.270475179171142,5.995934955664151,0.4084717699694247,0.549235328005287,2.9748397391181123,-251.02941125299637,0.12108364779801528,0.5973291814181263,0.11534382541824817,0.0844142023413259,0.20949468477725275,77.37789398724716,1.0,0.17183918821879948,0.4815566552633518,0.6125142849128722,0.7863247863247863,0.006192034704422544,0.017038334759582812,0.3634178334792946,-0.02916879492152613,0.04334012120781927,-0.003939507323248437,0.016650659240576182,88.87523766587248,0.006028074799057829,0.034598573551261516,0.17422899791306676,-0.07806555640509083,0.1606735740859948,-0.008279184145215168,0.025284608119427898,118.09168258106396,0.0016161246353729077,0.03762820154462254,0.042949824042384205,-0.15507780184638797,0.1606735740859948,-0.017140110356974575,0.02588836564132324,153.09871052014668,0.0014925238989216523,0.035381786490449374,0.0421833956667092,-0.15507780184638797,0.1606735740859948,-0.017632451454660303,0.02305676097638515,202.94984218976288,0.6920569584645108,0.7553468302578572,0.5377978273246671,0.6249776537844268,0.3349103665885138,0.33005587277811094,0.7553468302578572,-0.0653646576119319,0.18574377968315847,-0.42953429009905647,0,1,0,0,0,0,0,0,0,0,0,0,0,0,0,0,0,0,1,0,0,1,0,1,0,1341.0,1086.0,84.0,0.5475906013540423,0.054958183990442055,0.08640251467188208,0.02484950171332924,1.8570118625874008,32.604047759489184,0.022030737655148857,1.1192276709224884,0.02459048353973391,0.029864287899430703
META,0.0011635566819659703,0.29321628385542453,0.0011388321107257404,0.022214865695909247,0.35265006024045414,0.008477130497465353,0.8314652878706309,0.05270284053833364,0.42475278791843246,0.08930691101279836,5.096644754868474,2721.0546347528966,-0.03563215527622143,-0.06132325306096194,-0.05142003357739092,-0.6903222114029595,9.040556890374566,2.9747892579848614,1.6987409341791904,0.05663320959646323,4.8916110373902635,0.08169629519640309,5.063625211376058,0.14511730361064834,8.867430961039208,0.252378833586125,8.354523399703371,0.1895344835817323,7.302073160705719,0.41139115955933625,17.997319632226056,0.14511730361064834,0.2597895363197969,6.703147740269778,0.252378833586125,0.47954737660019026,2.1051420226747615,-251.26515851750418,0.1895344835817323,0.4120427972100904,0.09685134866196132,0.05711264909643887,0.1594954348490476,67.1169893382634,1.0,-0.03589114009944956,0.7159360962429975,0.3025588177243439,0.8717948717948718,0.006599928438776352,0.016365202531404006,0.4032903611251629,-0.019288045717108848,0.03615504060254793,-0.005231432860710261,0.019569642444600577,110.48129113703763,0.004022707195477768,0.030208645246608004,0.13316410460113104,-0.08958264925882498,0.12213815212975304,-0.008097621087756135,0.021196859154376635,133.9664254591434,0.0017104388836208676,0.025956256450793327,0.06589697889845705,-0.08958264925882498,0.12213815212975304,-0.012110022003900045,0.0165880694575839,150.33372218425893,0.0016275476781319326,0.022858468258945504,0.07120108222890233,-0.08958264925882498,0.12213815212975304,-0.009721504694395422,0.013344571726458587,170.9991033943784,0.6833012702879196,0.7444101039283054,0.5515260205103129,0.6696029539784241,0.3520877988524404,0.32531761453703456,0.7444101039283054,-0.06865100981454055,0.18215034697049315,-0.413156393670756,0,1,0,0,0,0,0,0,0,0,0,0,0,0,0,0,0,0,1,0,0,1,0,1,0,1265.0,1114.0,132.0,0.5284747112704102,0.05017921146953405,0.03454020565470955,0.017176421101858862,1.333276205390477,45.01490189896331,0.01539871020629622,0.9462199409417619,0.01654772747868834,0.022077684429924648
TSLA,0.0017982449221291546,0.45315772037654695,0.001260661839917132,0.037070262033038204,0.5884721662525125,0.01295840188617802,0.7700580356456446,0.050673569598797416,0.6154340261887697,0.2520283248894315,3.742596765244272,1492.067969737308,-0.054615500967012065,-0.09292215161513102,-0.08164285461811928,-0.7363221744219121,50.10022780449498,2.433789331302455,1.0854229509510802,-0.08896406351171293,-6.646032087624923,-0.023516012277202125,-0.668990060864387,-0.11374603087568769,-2.510529911442565,0.16749731606236518,3.442616801250369,-0.3343992727155377,-7.130860015861341,0.5273470498696728,11.553177564958657,-0.11374603087568769,0.7192355102707861,-1.8977822299045817,0.16749731606236518,0.7723594041791356,0.8674578967048715,-251.77140145645853,-0.3343992727155377,0.7444296863813654,0.035385929891023515,-0.019239449577710954,0.015465674499413717,54.07834014212659,0.3988200134731632,0.22606989489551446,0.9926034455399407,0.5973883161296343,0.6666666666666666,-0.00471970560544526,0.04530757843483666,-0.10417033459939483,-0.14259893789082123,0.0823193093872907,-0.023545920693855638,0.0180179597897272,72.78582525871677,0.0036126575694324175,0.048654069195714716,0.07425191004888462,-0.14259893789082123,0.1884077770644856,-0.023045053610485255,0.03305555536738192,87.11306758471147,-0.0021374872526285535,0.04689466235092616,-0.045580608655056,-0.1542620682219512,0.1884077770644856,-0.031990815764685904,0.024249837674887365,98.04324171051893,0.0027107644121443985,0.045645195610006205,0.05938772692103773,-0.1542620682219512,0.1884077770644856,-0.02431384738472342,0.030776800290283846,112.45689922740041,0.5164637199770258,0.5606802324497039,0.4075240264430331,0.43702266829537967,0.26097880460084305,0.26475900317461065,0.5606802324497039,-0.04198329124519267,0.13993912723004906,-0.36577525593097904,0,1,0,0,0,0,0,0,0,0,0,0,0,0,0,0,0,0,1,0,0,1,0,1,0,1268.0,1174.0,69.0,0.5169255276782159,0.054958183990442055,0.037042094021994446,0.033150538322810646,1.655616026796272,26.975800686511683,0.02606570312939349,1.109073206323531,0.02858348653622088,0.035486841293529685
JNJ,0.0003642170679213167,0.0917827011161718,0.0004095988994834432,0.011192515424023252,0.17767567414332103,0.004504542582476203,0.5165743794625247,0.03202658515200349,0.3384401293257744,-0.12460851005658162,5.462722246664419,3128.6477727679826,-0.01636233555094624,-0.031727250703989684,-0.026418537172106505,-0.2711933165225332,2.438666584512472,1.210615324647544,4.775134790349857,0.009450122961713436,3.4130624615772507,-0.027689407603519567,-3.116924537145987,-0.005404361382725709,-0.6707566455888633,-0.04027296699961269,-2.7770838898097945,0.0858730065911344,6.606630757261167,0.09560735450717317,8.33547161633548,-0.005404361382725709,0.12790268698353802,-0.5070443641348634,-0.04027296699961269,0.23021037779377448,-0.6997593659429159,-252.2587867143257,0.0858730065911344,0.20633690132342658,0.0030365035090780257,-0.006022428604402941,-0.003004212220915292,41.76630613744016,0.3883536559390769,-0.026552004264386597,0.7024546206755568,-0.17171239639275893,0.21367521367521367,-0.00022701126816230635,0.008057111947032822,-0.028175265486525526,-0.01829658752451957,0.010613392781474218,-0.006306279060679154,0.005749372687535281,209.1713980377957,-0.0005474062299347631,0.014501890687346494,-0.03774723184283812,-0.05757744998677376,0.028707610245258808,-0.006740103595244795,0.007765955622933252,259.2334327869761,0.0007384736007897787,0.012998003028510974,0.05681438903883505,-0.05757744998677376,0.04134292008516072,-0.0052650169846407135,0.008703823823765944,309.2214796438145,0.0004281486944844036,0.011469939423680143,0.03732789500182308,-0.05757744998677376,0.04134292008516072,-0.005389782078148081,0.006314741594546314,368.15826583642934,0.4354618261562117,0.48312692653868183,0.4677320845857998,0.5304234474083188,0.33314768491733193,0.344246941064148,0.5419861646220182,-0.09774862679275133,0.1335755322594397,-0.17067370070148355,0,0,0,0,0,0,0,0,0,0,1,0,0,0,0,0,0,0,1,0,0,0,1,0,0,1183.0,1070.0,258.0,0.5193150139386699,0.04500199123855038,-0.018332609328414348,0.011240216440720872,0.4955073547585732,89.34542076695578,0.007745591810967949,0.9901857355816067,0.0080681261727572,0.011372335395506016
PFE,0.0001512423710367393,0.03811307750125831,0.0,0.01478899585212403,0.23476803099051569,0.005683504954893172,0.16234355819425017,0.010421702928723017,0.06464008215269483,0.1193854728407484,3.573837470386282,1342.2682148840943,-0.022351024610903047,-0.038970159260173776,-0.03310429614711269,-0.5896198802969712,2.804510996951298,0.8409250629801139,4.2356474547441465,0.008739037805744365,1.5109682655402932,-0.012224985053661985,-1.6714594671912808,0.03368865596913917,3.357445213252324,-0.020133584983226593,-1.0747508922264124,-0.0609269059789046,-3.9084293497436398,-0.056865791842203195,-3.8087432778874732,0.03368865596913917,0.15928505164558643,2.5379900213685347,-0.020133584983226593,0.2973812401613544,-0.27081176973103516,-252.1205926163847,-0.0609269059789046,0.24746120799144408,0.029969340006411382,0.009327110375424885,0.039575977723954825,55.55556427685594,0.620733052503445,-0.03679577158467105,0.6720558410687117,0.021497927609210987,0.41025641025641024,0.0016267584244747733,0.01003401510057866,0.16212437475611916,-0.01639342724524051,0.026552416349285846,-0.004688776952073037,0.007407420198650039,165.4047862784206,-0.0001486976031954496,0.018733257286736166,-0.007937626698840728,-0.0543433726860425,0.036355450672310496,-0.011539153891650111,0.011650021196258131,203.77600066267385,-0.0003775346009876683,0.015588590844785515,-0.024218648417086146,-0.0543433726860425,0.036355450672310496,-0.00984600022590168,0.010267372398184205,242.49549108266015,-0.00012100253694690373,0.014930329427123756,-0.008104478708090649,-0.0543433726860425,0.046732639580117086,-0.0093565227079829,0.009727595690144197,286.79283840829476,0.423156952869658,0.46046988824956386,0.4515722363790291,0.5304234474083188,0.3016919732662862,0.31629669459221166,0.5304234474083188,-0.06981707353533116,0.11140889844593704,-0.18974619580385685,0,0,0,0,0,0,0,0,0,0,1,0,0,0,0,0,0,0,1,0,0,0,1,0,0,1161.0,1153.0,197.0,0.49183592194344883,0.054958183990442055,-0.030466427884170744,0.013754063825672512,0.6240236982358929,67.61784302322174,0.01046734230425388,1.0586052620675073,0.01079484458285617,0.014512251219510745
UNH,0.0007148686955330489,0.18014691127432833,0.0007686443770489326,0.01661434579415495,0.2637445630041956,0.007183529367499545,0.6830355447799794,0.04306624962642559,0.4377092788965605,0.022931200547407188,6.308780867369877,4164.369978922149,-0.02379471731450311,-0.05063163468917518,-0.038680379730251506,-0.41156749459017217,6.544005581591579,0.9902541828250572,2.096844728729281,0.03754825335883161,2.88112902611562,0.0020878641950161647,0.1647680496193688,0.053709684983814565,3.8279240329079784,-0.19009821483623301,-6.220947195902594,-0.17066224821180176,-6.759164539366963,-0.12645292679274434,-5.617524275964059,0.053709684983814565,0.22273556357100718,2.89363857963484,-0.19009821483623301,0.4850894103058162,-1.5675313523450358,-252.96381496513953,-0.17066224821180176,0.40081569045327037,-0.09788027018128864,0.02433416565267499,-0.07592793923733376,60.56077823345822,0.8401478758147495,0.0001084562286710686,0.6233118263036624,-0.2140961451784914,0.0,0.0025876984760111834,0.014031021650921535,0.1844269462616949,-0.016894538525957348,0.025566719008651262,-0.011485895362049914,0.012543130927845203,132.75668532006853,-0.002874050187412963,0.030557760554765747,-0.09405303710859565,-0.08897945991638948,0.0821486219613361,-0.012979137160153809,0.009924881750934866,158.28543158833907,-0.001162222091385794,0.02524901520266661,-0.046030392950258466,-0.08897945991638948,0.0821486219613361,-0.010464160858310284,0.011974749748523084,181.53932528567776,-0.00028044502322633827,0.022510437085924824,-0.012458444149966908,-0.08897945991638948,0.0821486219613361,-0.008222787633433287,0.010586957377532125,214.07770848610312,0.4663704227633115,0.5020857272367006,0.38707200108540935,0.4224346221793962,0.31539010496701825,0.3384669936064748,0.5020857272367006,-0.12937246440227565,0.11381082432675071,-0.2268599211114414,0,0,0,0,0,0,0,0,0,0,1,0,0,0,0,0,0,0,1,0,0,0,1,0,0,1234.0,1107.0,170.0,0.5256869772998806,0.04500199123855038,0.009905673207748942,0.014596598111481028,0.7644028216534399,60.18894829742905,0.011232659556530722,1.0386560479827887,0.011889962190694018,0.016599279058058566
ABBV,0.0007715601836852851,0.19443316628869184,0.0011611317550768163,0.016041707788158027,0.2546542164734049,0.006003038068183848,0.7635183464908294,0.04623990254504089,0.5272767901057833,-0.24772798417093084,4.800723388837855,2436.969617506278,-0.02366634313380306,-0.047010587590045436,-0.03832022185285083,-0.368749715400301,6.635005201794737,1.943696416535115,2.02102982650928,0.010121901752028872,0.6292324862863196,-0.02857445395408109,-1.9956984289968593,2.220446049250313e-16,2.064931612752223e-14,-0.08745962042922184,-4.137684240794192,0.05056676304007657,2.829674265523455,0.17809906509489926,10.686720686074548,2.220446049250313e-16,0.17070051162000785,1.560941577627975e-14,-0.08745962042922184,0.335544800351528,-1.0425984290335741,-252.5572381824335,0.05056676304007657,0.2836801703424887,0.007423421229433513,-0.009786399907705468,-0.002435627247106553,42.33100969738961,0.33281589319526583,-0.0629112813418304,0.6452341889869635,-0.23871471725487592,0.07692307692307693,5.549596424736514e-05,0.010753121486143593,0.005160916699293029,-0.02818822626850981,0.018155875173712976,-0.001151356597210218,0.004804167984048702,154.92261625788657,-0.0012278147394419257,0.021137335605975277,-0.058087488524089896,-0.07280301922898036,0.03375254682199591,-0.009955913610501521,0.011571386869562272,199.02228717596319,0.0005518243768827478,0.017870171014444405,0.030879636039112878,-0.07280301922898036,0.04696848296101286,-0.006906181167744524,0.009899986626999868,252.10480103433514,0.0007902816810344857,0.01666545522491041,0.0474203476814258,-0.08353652335522707,0.06360512663390994,-0.006416017990625883,0.00943468382043916,336.1970035255995,0.4182179871175494,0.44835734720311576,0.4286636767686514,0.4605823633941033,0.2881032650766619,0.2991303467082841,0.4605823633941033,-0.09990849334385914,0.10848609253641299,-0.19532158336802308,0,0,0,0,0,0,0,0,0,0,1,0,0,0,0,0,0,0,1,0,0,0,1,0,0,1270.0,1072.0,169.0,0.5392273994424532,0.050577459179609714,0.013587416229653801,0.014813752341679837,0.6590768424895715,62.33750254060849,0.011210283099956597,1.0110987265922184,0.01165932783999479,0.01668602529890135
JPM,0.0008137907942650188,0.20507528015478474,0.0006258422019418397,0.01661306278873076,0.26372419592449664,0.007215927959417705,0.7776126852368794,0.04957157354152077,0.5154326316050953,0.08529315364880695,5.12427124537574,2750.30410505766,-0.02534052018967986,-0.04464233525908767,-0.03859268332897824,-0.3978701921067068,7.043477841796708,2.513157104701879,2.156278878227543,0.041829931749720606,5.057178176759035,0.09420641745649183,11.131305748561674,0.09660706213502324,10.613004080507817,0.20113526455673636,9.67780380944012,0.21002942416687032,11.549380488017068,0.4660219179951486,27.195555554154488,0.09660706213502324,0.14450098729610933,8.02267698866783,0.20113526455673636,0.32992230492411356,2.438577344481151,-251.3855301004258,0.21002942416687032,0.2886833410302052,0.04419326038714111,0.06238699284895666,0.10933733785584243,82.53300070530625,0.9771715846868877,0.12892071431203048,0.5312049778746492,0.193730470215429,0.905982905982906,0.004440430581827859,0.009102706585447755,0.48781431546158505,-0.01226505423173152,0.020418844669853886,-0.0016753990945845842,0.010745034930109698,131.89997959079696,0.003127351479391316,0.020783151685772036,0.15047532379471942,-0.07483835244021786,0.0805551787432055,-0.0050676079699044085,0.011357159137521666,154.35152786591598,0.0016793753412408193,0.01818534114317078,0.09234775020272205,-0.07483835244021786,0.0805551787432055,-0.006119319878985757,0.01123933953158368,173.664742334436,0.0016655209810529192,0.017135958743963113,0.09719450227082692,-0.07483835244021786,0.08838262524624836,-0.005921832535548954,0.010125079398840109,199.04706914161486,0.6545155420147388,0.715725289326155,0.7711613243074429,0.8849309466385684,0.44232866877089916,0.42871661027367564,0.8849309466385684,-0.32627486277633067,0.22310927697012053,-0.37884977398404374,0,0,0,0,0,0,0,0,0,0,0,0,0,0,0,0,0,1,1,0,0,0,0,1,0,1223.0,1103.0,185.0,0.5205097570688969,0.04978096375945838,0.020800514265526916,0.011706981205398473,1.0833390025433038,60.1935966123198,0.011439146758727689,0.9961936343052626,0.01236349027027192,0.016416480981451875
BAC,0.0006658441393427022,0.16779272311436094,0.0004522806851654515,0.019095717640213086,0.30313511989387804,0.00744901402874992,0.5535245245522923,0.03510211095571544,0.359738798087115,0.0010725508160090295,3.912625694147591,1601.666922857331,-0.02880681782471528,-0.05285670915243804,-0.043993527823264315,-0.46642932040298846,5.238214510590757,1.7364710541588173,2.9567580693918463,0.022030247830916228,2.9735437283776838,0.07325923182258731,8.730095331180019,0.07592345733816397,8.216047246144003,0.16936995593595916,7.402130551327788,0.09375660068055458,4.743516995151365,0.2597222190374202,14.562956118119404,0.07592345733816397,0.14669432692511303,6.210747935215462,0.16936995593595916,0.3632284893101223,1.8651615819854055,-251.47679100603344,0.09375660068055458,0.3137629519511665,0.05143157632199635,0.04492573552830481,0.09866791324594693,72.31329703002632,0.9206463014969272,0.07539236334558293,0.5181475923787752,0.23403157552997678,0.8376068376068376,0.003531273805186427,0.00924087399494889,0.3821363441506333,-0.011878054504347979,0.019265603381834362,-0.0024864456317373884,0.009764727325769496,126.87516096155959,0.0027508526357722203,0.022881244090673037,0.12022303616321003,-0.09871876200713384,0.06051961714542475,-0.0031844706444035253,0.012283714409339397,151.56606985593874,0.0009090058023529059,0.01976520813067368,0.04599019632594798,-0.09871876200713384,0.06051961714542475,-0.007043752274481785,0.011121048715347137,173.43865341131584,0.0010760924947500173,0.017834443565635016,0.06033787882362237,-0.09871876200713384,0.08428845995162182,-0.006588429962998632,0.008788311735457965,200.61771050632993,0.6425664930173581,0.7038714964071077,0.7710688523681529,0.8849309466385684,0.4297361417341788,0.4232454431346179,0.8849309466385684,-0.3323489665192313,0.2278539866291523,-0.3710874201125186,0,0,0,0,0,0,0,0,0,0,0,0,0,0,0,0,0,1,1,0,0,0,0,1,0,1210.0,1154.0,147.0,0.5081640780565512,0.054958183990442055,0.006862592144443942,0.01392543409769735,1.2168014956947992,52.36776217795192,0.013452144308688869,1.0691473947967118,0.014314741285537206,0.018968777694957608
WFC,0.0004549402544925369,0.1146449441321193,0.00034159640244157963,0.019584536274035756,0.3108948751417328,0.00846447307858294,0.36875790918024687,0.023499361926366143,0.18372440023073477,0.07988316976780209,4.809488822245215,2422.770576022322,-0.028713094927142746,-0.05763463463726102,-0.04582832388688701,-0.6240049987271132,4.2490077511177695,1.8504277577121744,3.972120224390893,0.04038437247216242,5.031632741133944,0.10724159854581794,9.280762491693329,0.07529191315945094,5.7262799272777745,0.13961741414064655,6.081226718522159,0.13084631953099546,6.34076056975276,0.4013852476731117,19.402614149703737,0.07529191315945094,0.20872574916072437,4.328660750033721,0.13961741414064655,0.364458988563905,1.5323251012772399,-251.5439437418067,0.13084631953099546,0.32758229960473606,0.030611841454537103,0.05438397557975283,0.0866606106724046,62.997170405322365,0.9406253811567491,0.13547017916406093,0.635586404238729,0.14731393974723817,0.8376068376068376,0.0035447616833356125,0.01314848629749819,0.2695946592734471,-0.022294304529835607,0.03089652225889017,-0.006367680353255745,0.012290347932034651,112.81767760214225,0.0023409835920822457,0.022958758257672084,0.10196473022664297,-0.09119849759835497,0.06846004397252914,-0.00652690923487842,0.013802977163778318,128.97151174778318,0.001190102762410066,0.020635745206209158,0.05767190622473726,-0.09119849759835497,0.06846004397252914,-0.0067854419735326466,0.011373854446872556,141.89901055283406,0.0015536726170158623,0.02068717362393352,0.07510318447844315,-0.09119849759835497,0.10142726701601133,-0.00752597947391076,0.012348679179766342,155.72919924880708,0.5865793611474738,0.648281220187863,0.7217785483925399,0.832019157620722,0.39920035649246993,0.39213042255573916,0.832019157620722,-0.29582891897788727,0.21074322749043664,-0.34336412935263494,0,0,0,0,0,0,0,0,0,0,0,0,0,0,0,0,0,1,1,0,0,0,0,1,0,1204.0,1166.0,141.0,0.5049780963759458,0.05137395459976105,-0.007615129986907286,0.015146072411323087,1.1471983602222942,51.06069329431876,0.013483720494044718,1.0042369120463446,0.014094810684074534,0.01935968542116442
GS,0.0007089282786902873,0.17864992622995238,0.0005866134863592443,0.018018768932237233,0.28603908915741943,0.006683585099616515,0.6245647290941895,0.03939523924766357,0.3826458022086972,-0.09948033780670067,4.389432367894873,2019.9636823916553,-0.026774093266557997,-0.04610798342906751,-0.04162566915666101,-0.4668806640468923,6.109591330861956,2.6416148412271436,2.1691674201681326,0.09409781513994186,10.289244177747733,0.15355156199529274,15.113300022956189,0.17593795438416482,14.981868210990294,0.2817725410176979,11.038815657464186,0.20044671465866837,8.788450131718344,0.5013344614885402,24.523893508015508,0.17593795438416482,0.18642057195635592,11.32522784612128,0.2817725410176979,0.4052065509303904,2.781520095079638,-251.02844942613365,0.20044671465866837,0.3620653131041227,0.06555280236442851,0.11404412665498764,0.18707284111485434,88.06044254585652,1.0,0.24050726383972992,0.5744542256961404,0.34522048030219754,0.9487179487179487,0.00781258173990982,0.011743392206260445,0.6652747010991342,-0.018508754611737288,0.025810945636278282,-0.0007817271478013366,0.01512512867243787,140.7817513869769,0.004272426804174316,0.025525613413715252,0.1673780267266245,-0.09211507273581299,0.09446045435511788,-0.005498271923021769,0.017446547511309585,169.19193014290474,0.001711001410977542,0.022807970877053437,0.07501769535750066,-0.09211507273581299,0.09446045435511788,-0.007505259286344046,0.013314836134879549,196.53066657826605,0.001822416510391204,0.020442694441022667,0.08914756886128146,-0.09211507273581299,0.09446045435511788,-0.007213474275472143,0.012830151027581671,234.03676933189317,0.685386317793586,0.7368504860755859,0.7367968618490522,0.8222248058029,0.44230327538748837,0.46578309566578247,0.8222248058029,-0.24982851891049365,0.21523776535945707,-0.41400061980955427,0,0,0,0,0,0,0,0,0,0,0,0,0,0,0,0,0,1,1,0,0,0,0,1,0,1222.0,1136.0,153.0,0.5165272799681402,0.04818797291915571,0.011041280384542102,0.01255730396888791,1.2011051903883379,55.497687092868375,0.012839602875383868,1.026678679622041,0.013658225330808644,0.017995277912478524
V,0.0007732489062067455,0.19485872436409987,0.0015189329068450164,0.015069372037818635,0.2392188649558724,0.006542795290024443,0.814562532098146,0.048786928231262905,0.5854052202374401,-0.10566704501013502,4.67571273099987,2292.0148153809264,-0.024143630142987038,-0.046765092263540996,-0.03654391529761209,-0.332861268789276,5.9985383229281455,2.0051200032108807,2.3468003335779026,0.03287269176136354,2.040514855881844,0.006234892026068861,0.2960649113797781,-0.020281474137151645,-1.0868684850746837,0.03750135380279884,1.8253281584818544,0.11119880335301802,6.740455715559296,0.30737987372930764,20.96933572221167,-0.020281474137151645,0.29622573950152403,-0.8215953483831799,0.03750135380279884,0.3261416492023238,0.45993946365966487,-252.04472095481373,0.11119880335301802,0.26188530168451596,0.013727594428563528,-0.007365464056179216,0.006261020269042961,42.79685743292394,0.4420800380087408,0.015217271401169172,1.2730098585161804,-0.033532239821047805,0.4017094017094017,-0.000805899141611655,0.018660467587077012,-0.04318751059430937,-0.04994611765701573,0.022923650568181797,-0.005116401046316943,0.007698699205052506,145.18636234211957,0.0007936572850358255,0.020544992761186074,0.03863020514347493,-0.07719847528926359,0.07837282886464103,-0.00515382263659675,0.008372820904231748,171.15842665202976,0.0009729438388406059,0.01649722334000843,0.058976217923961786,-0.07719847528926359,0.07837282886464103,-0.005117431189741922,0.00827940039161068,198.61368026160855,0.0011717778141513368,0.014658541300558131,0.07993822783080884,-0.07719847528926359,0.07837282886464103,-0.00437484683692585,0.008186030152047497,232.34443425972515,0.732234812441675,0.7564628038149812,0.5409048460210213,0.5691183076360353,0.45766167908898114,0.4750954136759027,0.7564628038149812,-0.13777584287792038,0.17030439817899334,-0.4388021564720861,0,0,0,0,0,0,0,0,0,0,0,0,0,0,0,0,0,1,1,0,0,0,0,1,0,1303.0,1025.0,183.0,0.5539625647152528,0.053365193150139385,0.020568593808679644,0.009867925021944043,1.0445852606803088,66.35976585423495,0.010483203212489143,0.918947913098603,0.010674975242272903,0.015849509986391064
AMZN,0.0011147329823334353,0.2809127115480257,0.0011628591845380676,0.020489021999120963,0.3252531408996332,0.007683162219008036,0.8636740932648208,0.054845524785427,0.5006617420230091,0.14502990545105504,3.6772081536973182,1423.5271745121345,-0.03163064496425971,-0.05594306659023809,-0.04665660986881507,-0.5610828389102591,11.266464541870585,1.9855534123875578,1.9913396032898778,0.05238162855568129,2.6206279434966473,0.03437054727181321,1.9720550634318066,0.06655324571954613,4.564755480572992,0.12339582665110127,4.453200108563878,-0.0547878533116154,-2.355026895399276,0.1182317256392671,5.49419748533627,0.06655324571954613,0.23144723243224863,3.4506307992615057,0.12339582665110127,0.4398742416908847,1.1221009548253196,-251.78014107097007,-0.0547878533116154,0.3693079726931397,0.05533906197489613,0.029910534924493914,0.08690481784527893,53.158587313014955,0.8469053093707947,0.007682536605992703,0.6775197491714353,0.28200748937544196,0.6153846153846154,0.0031735342190512524,0.0145798052059498,0.2176664347858489,-0.020265629565462184,0.028463559660798277,-0.005818118205440093,0.015966607137600786,121.9617055651363,0.0022231382208867576,0.027709472658504805,0.08023026090337432,-0.08979129298487254,0.1050240221904383,-0.011735659670459808,0.018358545419377204,150.84055499292364,-0.00018011947178739175,0.023264215546178146,-0.007742340223329897,-0.08979129298487254,0.1050240221904383,-0.013178468420590228,0.013121663363271918,175.99623520495172,0.0006742719862377187,0.02151938039264536,0.031333243519788494,-0.08979129298487254,0.1050240221904383,-0.010284871093021758,0.013202602926918272,216.6330217840024,0.7040552234573738,0.7808714701821879,0.2935918858560493,0.43769016545669126,0.3508943122817976,0.32468580736148434,0.7808714701821879,-0.049121769871189706,0.18810509911199463,-0.48557517202647155,0,0,0,0,1,0,0,0,0,0,0,0,0,0,0,0,0,0,1,0,0,0,1,0,0,1264.0,1100.0,147.0,0.5344484269215451,0.053763440860215055,0.03515776432573882,0.01548600794388315,1.255657874301242,48.806624349512774,0.014483905473608815,1.017289733829941,0.015532176570919563,0.02032495790120748
HD,0.0007379177737737451,0.18595527899098377,0.000889041758993292,0.014686349397048264,0.23313856903195862,0.006002513196667829,0.7976169698695073,0.04907842585533471,0.5487824556829071,-0.1627758469233327,4.468663841492506,2100.340642868434,-0.02301650069960981,-0.04182676136577725,-0.03449826986444761,-0.3388506266286889,4.858580173693194,1.622405219151218,2.433816139563486,0.027117949980614675,3.611460225806365,0.03377886105742456,3.252455252977839,0.001706577979307733,0.15522302849884823,0.030067109214348076,1.8678324518739864,-0.06280683971292123,-4.11430305710435,0.09847755465159147,6.908269494538066,0.001706577979307733,0.17453006695669118,0.11733758033092685,0.030067109214348076,0.25553713946014206,0.47064953889472266,-252.06660055209053,-0.06280683971292123,0.24233209300518044,-0.0021572044853486183,0.01398391963224177,0.011796548972739629,51.36363899083894,0.669446203493816,0.0876914445868681,0.7712621172820301,0.12023011713536247,0.42735042735042733,0.0001388873321420099,0.010994360796925135,0.012632597265759498,-0.023405661180432635,0.020994212117159794,-0.005280579000967456,0.007463321173965198,157.80997753846898,0.0005970282565973099,0.01609732670838964,0.03708865872034202,-0.04038933412859114,0.060106264388862574,-0.006229569079189312,0.0082624045847014,189.79741758692936,-0.0003995391511418194,0.015265486970987676,-0.026172709190420883,-0.04188402405607228,0.060106264388862574,-0.008472934081811379,0.007669926641470537,220.2567366140378,0.00047382555455916756,0.01425502504345718,0.033239194818296416,-0.04188402405607228,0.060106264388862574,-0.007753812513569075,0.008772834576387556,260.0447256001648,0.665651014643565,0.6906699696996657,0.44039320430219975,0.48582670489910457,0.42007556259414397,0.432132957961325,0.6906699696996657,-0.009952406093824499,0.14001954496494126,-0.3831993110571575,0,0,0,0,1,0,0,0,0,0,0,0,0,0,0,0,0,0,1,0,0,0,1,0,0,1246.0,1073.0,192.0,0.5328554360812425,0.04500199123855038,0.015742798829329774,0.01064856452116714,0.9294918579910924,68.09044051484878,0.010439571027363943,0.9676177735987536,0.011019494881675177,0.015035481699206439
MCD,0.000606423292989657,0.15281866983339357,0.0006912258470839205,0.011825697454285022,0.18772712726356675,0.004711714398210334,0.8140468139100531,0.05076975458168353,0.5508095479571997,-0.06041714358827116,5.709305946230008,3411.9023670823217,-0.016964357571267685,-0.03338982247837815,-0.027154912795483214,-0.27744375601359084,4.490383630687838,1.5419220463378758,2.8102134331485322,0.009153165634920635,0.6192922910039936,-0.03226123717740659,-2.49208873812606,-0.057823742148840784,-5.888327310244992,-0.0431889945757401,-3.288191538618956,0.005216426251385853,0.39839790131195146,0.15980026216514842,12.840421124166376,-0.057823742148840784,0.1558886592477052,-4.451157057445177,-0.0431889945757401,0.20850489580114595,-0.8285463880316758,-252.3334957044829,0.005216426251385853,0.20785300145749303,-0.028832688115920324,-0.020641664385223857,-0.04887919782973149,33.969030888414366,0.3340413051866952,0.04089614668084998,0.7890709072076378,-0.09377936253002905,0.1794871794871795,-0.0027863179315813077,0.009820062490112259,-0.28373729132445225,-0.020310884149109087,0.020726054017276896,-0.008394022303568893,0.00429387403512016,199.71528173299166,-0.0006149640801747575,0.013134573843554003,-0.04682025374401932,-0.05705848120417478,0.03355782026319298,-0.0073918908199060995,0.006558219597715076,244.00637010321665,0.00012639512883068382,0.01309350835987782,0.009653266745373907,-0.05705848120417478,0.04797839102816104,-0.007275491663855077,0.006646774003450984,282.86858059497234,0.0006657352077484659,0.012445095111747977,0.05349378223072174,-0.05705848120417478,0.04797839102816104,-0.006393639124067235,0.007129551916348176,338.43382043252774,0.5050514866371544,0.5415200380019596,0.432811597135221,0.5315026063952561,0.3604704359299562,0.36974762534657724,0.5415200380019596,-0.05517268249928227,0.12356245987927278,-0.2732049084905153,0,0,0,0,1,0,0,0,0,0,0,0,0,0,0,0,0,0,1,0,0,0,1,0,0,1224.0,1048.0,239.0,0.5332536837913182,0.04500199123855038,0.003310939817529043,0.010916455836022616,0.5868166880383352,84.56160863794562,0.00820387857949903,1.0732082662052247,0.008680062670177832,0.011944577987155359
SBUX,0.0004088405886811695,0.10302782834765471,0.0004110285286706983,0.016985560352078485,0.2696374114240703,0.007238153055701919,0.38209767629618147,0.02415106127749639,0.23412741641742396,0.09247867813215913,6.924955341402032,5020.871693036108,-0.02445648582746235,-0.04744490642823749,-0.03981434091891477,-0.4400502509452682,2.7859613627343296,1.2571883308076006,3.443929683303324,-0.007688965915426671,-1.109688108493518,-0.017478070399692403,-1.85600148453883,0.09018434177798174,5.90217864145224,-0.05149647997191231,-1.8702538040076726,0.03659625720991877,1.5639266072691345,0.045563989465169596,2.1607391719411213,0.09018434177798174,0.24255993082366256,4.461627679645624,-0.05149647997191231,0.4370964382768003,-0.47125966228350835,-252.31467322668408,0.03659625720991877,0.3714672864180146,0.05352647649170428,0.00549216028941113,0.05931261276973543,53.42856255357597,0.5475110253769578,-0.21759196895690622,0.7246017727987162,-0.14437197839834137,0.23076923076923078,0.004230160453568504,0.015279839404486678,0.27684587132024346,-0.020218302858060255,0.04331181309477139,-0.008376357234590404,0.011490392529116988,130.31471224441873,-0.00046382275489284796,0.0275344874912502,-0.016845156643654245,-0.09115334641878681,0.09206292750552439,-0.01122859309521318,0.011971600945003158,158.16013882039292,0.0005575641503739752,0.023400239525192032,0.023827283894838663,-0.09115334641878681,0.09206292750552439,-0.009056955561480645,0.011569216955489514,189.83581353324024,0.0003972631814462665,0.021087223324709168,0.018839046532066143,-0.09115334641878681,0.09206292750552439,-0.009153633670600264,0.010495796951304537,224.06913637886447,0.6207708749311789,0.6402664232196976,0.4109124616663516,0.5032113999508498,0.39743848384702307,0.41449573408544504,0.6402664232196976,-0.06185367610854003,0.14382618627056779,-0.3836836446468297,0,0,0,0,1,0,0,0,0,0,0,0,0,0,0,0,0,0,1,0,0,0,1,0,0,1195.0,1125.0,191.0,0.5117483074472322,0.04699322978892871,-0.012352849326440483,0.013068966660926813,0.9942091055690775,58.87353606662922,0.011403930872785286,1.000632622304827,0.011802178638255485,0.01692847299684181
PG,0.00043323543695841576,0.10917533011352078,0.0006718855739447083,0.011362813108991048,0.1803790660829699,0.004641514661116059,0.6052549915260279,0.03668805243527669,0.4454203488207798,-0.24065917633983408,5.132907411117023,2780.7657118183674,-0.016816948315472147,-0.03533615506125419,-0.027560133406854936,-0.2451062920734427,3.4170485399762276,1.4576995746305021,3.007522596775144,-0.010619086307153136,-1.7569822709387133,-0.005989465076051026,-0.7337378989674233,-0.054817218605874074,-6.108161688097067,-0.0459257380298862,-3.299415925942341,-0.045278514945394144,-3.3657550938033554,-0.025292808082345797,-2.0833018337702476,-0.054817218605874074,0.14246452736642176,-4.61733622699352,-0.0459257380298862,0.22096289342995146,-0.8313746677913655,-252.29990277846372,-0.045278514945394144,0.21355509288311866,-0.005466079115142075,-0.014426012971056168,-0.019813238357982432,39.62868893295691,0.2951389726271031,0.06889753634344192,0.7391994221161884,-0.046604116129255524,0.1623931623931624,-0.0026425211606545753,0.008974421668093,-0.29445030090903807,-0.018981584539991436,0.012257964079690709,-0.0086679931676098,0.006600407509722572,203.52396219786252,-0.0006499068389714848,0.013919353928307593,-0.046690876769055964,-0.05011896846790076,0.027781288893519607,-0.007454041564773972,0.007566489656045783,245.0222561477892,-0.000277242875997349,0.0134527063566674,-0.02060870643028215,-0.05011896846790076,0.03375585255276414,-0.00620978563480637,0.00746682709393387,283.62525547440003,-2.778988675242354e-05,0.012140731444839292,-0.00228897961203452,-0.05011896846790076,0.03375585255276414,-0.006086856923198852,0.007108165713837711,339.0147599207265,0.44094630762967485,0.4832316543434813,0.45165637151306093,0.6852928835696589,0.33281163652234524,0.33893642057694284,0.6852928835696589,-0.020521261068977427,0.13947629979663803,-0.18298989293500867,0,0,0,0,1,0,0,0,0,0,0,0,0,0,0,0,0,0,1,0,0,0,1,0,0,1203.0,1043.0,265.0,0.5324571883711668,0.05296694544006372,-0.012096016637635057,0.011329690743898547,0.5031557027111286,88.00637574587321,0.0078995093491778,0.9903144692089112,0.008149937590530114,0.011808624557618833
KO,0.0004709662648441708,0.11868349874073104,0.0006910085819871181,0.011001205386558724,0.17463872144867149,0.004841586538046091,0.6795944092823287,0.04131912318600623,0.39127735282207704,-0.22425447351572692,5.4479549522946416,3126.3386959297177,-0.015748432115440913,-0.03183305609931856,-0.02616770861745194,-0.30332319998775703,2.6491327373372875,1.537826579712425,3.9739103859485394,0.014482394137771859,1.7772132099948617,-0.003801698899302597,-0.4155405162155049,-0.003314637801660414,-0.4155970062488812,0.012548342121419864,1.021998295414213,0.1422476710768985,11.513163130268572,0.1369099326234533,12.74924586751523,-0.003314637801660414,0.12660881350327438,-0.3141618069021418,0.012548342121419864,0.19491104496986184,0.25751936476170767,-252.06977853302985,0.1422476710768985,0.19613304770683446,-0.0057845289280542556,0.00354264575540153,-0.0022623757095068253,46.485468296031165,0.5719186227634014,0.03082310065520351,0.7426996312155567,-0.1155436447596625,0.3504273504273504,-0.0001278022460974304,0.007975605579014798,-0.016024143224145925,-0.012762250983074375,0.013073817166714852,-0.00644523530917096,0.006204990952138445,197.5110891624021,0.00027230098437082254,0.012278241732618595,0.022177522669831702,-0.04441097624434431,0.03542506601808282,-0.008131285987851455,0.007269871681790274,226.0782799639415,0.0011316502837155765,0.012355220669367895,0.09159288320290866,-0.04441097624434431,0.04725019727078328,-0.006966658250493446,0.007793019719525063,249.40204356471358,0.0005666807024488612,0.010738669098248102,0.052770105612185134,-0.04441097624434431,0.04725019727078328,-0.006172368166119657,0.006751927453573281,281.4874290191195,0.4865734936885036,0.5429002476523466,0.47082226490238693,0.737022524915249,0.3837593795080619,0.37887872159808134,0.737022524915249,-0.06574987459080661,0.14766721129569907,-0.21921260554882296,0,0,0,0,1,0,0,0,0,0,0,0,0,0,0,0,0,0,1,0,0,0,1,0,0,1208.0,1045.0,258.0,0.5312624452409399,0.04699322978892871,-0.0094794235004385,0.010476723594753176,0.5472949905251423,90.89913012821306,0.007619389225695395,1.0399956260208143,0.007929721984033333,0.011398263770603812
PEP,0.000331063366761835,0.08342796842398242,0.0005000682738844908,0.011127975550613919,0.17665113541518893,0.004465342875761257,0.47227530254984745,0.028738318507739297,0.27513391975475204,-0.15102535901901074,4.873819502394529,2494.819867017976,-0.01715231871685957,-0.03088822543164441,-0.0266306423207524,-0.30322676498175205,2.736783490379858,1.0944825630341204,3.652305224258338,0.02285225061530438,1.3186119938003826,0.009094284502178862,0.6860934821866946,0.01189217317075264,1.0475271587877155,-0.1057224475589229,-7.292742595580291,-0.11871577379846032,-8.17007167059723,-0.17926162338524532,-14.428858818336534,0.01189217317075264,0.1802171857444061,0.7918561010681039,-0.1057224475589229,0.230131778741921,-1.8375984079536323,-252.5192832996289,-0.11871577379846032,0.23066560013300136,-0.007770521402395314,0.014492294021614782,0.006609159938354647,55.31151174335291,0.8883343001996733,0.06216301167507813,0.9137777774577652,-0.09119303641126486,0.05128205128205128,0.0006244816699292439,0.011352615606181705,0.05500773492138695,-0.02312093635053325,0.021993386668088366,-0.004107985628328703,0.007180478713507021,213.13729212949923,-0.0016681583699821154,0.0144969394124777,-0.11506969316201393,-0.04885413754686907,0.037704838543153985,-0.010181760914847848,0.007405868367877044,251.16087469045738,-0.0008972320759938603,0.014530566999271204,-0.06174790536658768,-0.04885413754686907,0.037704838543153985,-0.008164535756826463,0.00781341565801219,291.8160189655264,-0.0007064515919209373,0.012423825448859137,-0.05686264627822904,-0.04885413754686907,0.037704838543153985,-0.007796301774153358,0.006888822707545761,350.1358683736149,0.48579056629312706,0.5247642523557198,0.4985718678915151,0.737022524915249,0.36362087623784023,0.3655079316509887,0.737022524915249,0.01754486443686276,0.14537883706587107,-0.21655252004014935,0,0,0,0,1,0,0,0,0,0,0,0,0,0,0,0,0,0,1,0,0,0,1,0,0,1184.0,1047.0,280.0,0.5284747112704102,0.04898446833930705,-0.022261606380898167,0.010745684468632945,0.535108150371618,89.86360506020621,0.007779481504375027,0.9516380647056846,0.007972912651391521,0.011519928233542226
WMT,0.0007102076902366975,0.17897233793964776,0.0008357622458110558,0.01277375089742047,0.2027770091043762,0.0048628511573397815,0.8826066561003699,0.055538154184041,0.8161807223157156,0.07699344920511657,6.899042277161974,4982.294426114673,-0.018862342229856444,-0.032210201526928994,-0.028966603854795138,-0.21928028075921346,6.693949634920303,2.402802803506801,2.084571193905281,-0.0009196277179867041,-0.08994049430752014,0.03536633049075588,3.6935970542334813,0.007003092851304293,0.7060182167478979,0.12344619054622386,7.544482702895061,0.035003771118578886,2.07110494555838,0.4117836972135489,28.31517847977574,0.007003092851304293,0.15746145059705838,0.5336996064560672,0.12344619054622386,0.25974577715575203,1.9010309526179745,-251.67695235147718,0.035003771118578886,0.26829526005757226,0.0020172945715783985,0.00891492420953921,0.010950202809331566,51.54350680864427,0.6227005690341737,0.033126472486367714,0.6820624370698453,0.20217040553033883,0.8205128205128205,0.00037915671031264953,0.009919139032364277,0.03822476014052559,-0.015618543442589505,0.0182064081356077,-0.006301308878369882,0.008912427988229332,188.8454725670062,0.0019800381910844065,0.016362445963174297,0.12101113705987031,-0.04664227292483092,0.06916798808221519,-0.006926153744131525,0.010734003727037589,251.18119016612582,0.0004151454164044734,0.016901012763088988,0.024563345535785368,-0.06528847237240376,0.06916798808221519,-0.007980295456830822,0.01063583175772359,312.55509935925113,0.0014746007518595373,0.01454286073130943,0.10139688326141079,-0.06528847237240376,0.06916798808221519,-0.006054867989582324,0.009391038631412774,408.2399236456328,0.4176581413774416,0.4391780367292762,0.3621846129042619,0.4340816462477858,0.2767430414950717,0.2793590975633213,0.4391780367292762,-0.06098289490054299,0.09589065912246415,-0.21274980183971023,0,0,0,0,1,0,0,0,0,0,0,0,0,0,0,0,0,0,1,0,0,0,1,0,0,1239.0,1048.0,224.0,0.5356431700517722,0.043010752688172046,0.011068584009191015,0.012641917468813808,0.5140675804400134,78.28554103101696,0.008786759110297014,0.9792596259326307,0.009388149418921873,0.012787743861332308
XOM,0.0004344611306682191,0.10948420492839121,0.0003617969265052867,0.01738253024057089,0.27593911304166197,0.007580867654993778,0.396769431203691,0.02512957660125412,0.1886953187005782,-0.01305765091649313,3.6077159023820107,1361.8299733199533,-0.026280556893407137,-0.04808008315108135,-0.039982935119803255,-0.5802168579609587,4.967711500873023,1.5729345799261572,2.755037296971599,-0.035260380233900324,-2.087639768979361,-0.038530142606118645,-2.393915914843889,0.04976142262015504,3.2629908672878116,-0.07591220854606906,-3.7535740761150524,0.031635163947460576,1.8301025075534696,-0.024919967463199466,-1.6466251541683241,0.04976142262015504,0.24209019484105404,2.466589247176718,-0.07591220854606906,0.32104573595272456,-0.9458117650532817,-252.42274883244355,0.031635163947460576,0.2744068470840834,0.016908880020532147,-0.0058055928018656555,0.011005121146531627,56.56613325780641,0.46055497538369056,-0.174583318836343,1.0076836315986215,-0.1922944110685343,0.1452991452991453,0.0024262619385924853,0.01525024881896671,0.15909654769533643,-0.030427793009483506,0.023961453089826,-0.0055459643803893455,0.013513483265491955,128.27836008124976,-0.0010482462310058066,0.020223980400205153,-0.05183184567342505,-0.07195592311404675,0.04991569873924795,-0.010622262405841909,0.01113133934328947,140.3289842311166,0.00039700695933526334,0.017286006558043195,0.022966956422363245,-0.07195592311404675,0.04991569873924795,-0.0070193971318127935,0.010677545301077784,150.8498861067245,1.4803631029691645e-05,0.015133965007224711,0.000978172674684039,-0.07195592311404675,0.04991569873924795,-0.007626419388878453,0.009323268737877977,162.90767730880816,0.47374761230122736,0.5331590942734306,0.813300764590279,0.8397969815257373,0.3574173076475709,0.3244657536496369,0.8397969815257373,-0.23640529518672954,0.18242501771146852,-0.25311448378427226,0,0,0,0,0,0,0,0,1,0,0,0,0,0,0,0,0,0,1,0,0,0,0,0,0,1205.0,1137.0,169.0,0.5109518120270808,0.056152927120669056,-0.00916654214031354,0.014816757720486257,0.8468620149970663,57.5290240350623,0.012320876765597568,1.1053292413852878,0.012815329282627208,0.01728883608196315
CVX,0.000549712024280523,0.13852743011869179,0.0008379505102253937,0.01749091234744396,0.2776596256497942,0.007612166739728366,0.4989109590366347,0.031002833942177253,0.34422078543616114,-0.009850257375687907,4.958987591799131,2572.9323550522054,-0.026496377941672644,-0.0459746779992302,-0.04014464695221853,-0.4024377259588322,3.9441924779596857,1.40034668867704,3.0494540464674422,-0.024989773619043754,-2.2417596166104206,-0.01864163629933102,-1.4998949168897373,0.03828582872228248,3.132185350586213,-0.12737607086850755,-5.75244447554679,0.01878246153849661,1.0288743443536104,-0.040119586895767,-2.54532944582247,0.03828582872228248,0.1940398224227984,2.367709570803079,-0.12737607086850755,0.35150838006123636,-1.4494797631432552,-252.6640101751486,0.01878246153849661,0.2897947014417064,0.02887563763709844,-0.0019237862915267856,0.02689630078972627,56.43198540845266,0.4814459284763229,-0.11856824537529548,0.7754934737209459,-0.2948692228755513,0.05982905982905983,0.001861824554711881,0.012223359870806033,0.15231692222026583,-0.02253845529645493,0.024178326990179855,-0.004434018374513071,0.009177411349927667,126.41301623470356,-0.0019140870364861588,0.022142946604695336,-0.08644229111225347,-0.08224442409384636,0.06645732419490291,-0.008791597617861746,0.009222390541904768,143.12660495687547,0.0003160109308236718,0.018255350268546838,0.017310592575599314,-0.08224442409384636,0.06645732419490291,-0.006479993303594583,0.009962095452741626,158.2673363371182,-3.701457346093053e-05,0.015762040926220112,-0.00234833633754604,-0.08224442409384636,0.06645732419490291,-0.006645406248568325,0.009252020074999756,180.6524347923134,0.5173278072334863,0.5754159992444167,0.8219171592810539,0.8397969815257373,0.3825037469220172,0.35925025127530347,0.8397969815257373,-0.2145862255611786,0.18193102484239895,-0.2851548404012044,0,0,0,0,0,0,0,0,1,0,0,0,0,0,0,0,0,0,1,0,0,0,0,0,0,1240.0,1108.0,163.0,0.5280764635603346,0.05017921146953405,-0.0014327780046898872,0.0143550084856315,0.9192845661010555,57.172546527919415,0.012179807103604763,1.0421924113884546,0.012456830183762473,0.01773102501873795
COP,0.0006013752560632013,0.15154656452792672,0.0,0.023521352369215414,0.3733898932131834,0.009534352519411968,0.4058668091516946,0.02620116149642861,0.24150739762040838,0.06532825363999176,4.107247303405752,1766.7554542686491,-0.035046085712569786,-0.06573765695454489,-0.053101511676120136,-0.6275027846812441,6.896725378997783,1.4251652829625534,2.0994195295831575,-0.021480768077301926,-1.2916603493624979,-0.07446370966250715,-4.509700793991373,0.04836447971316371,2.568006564812272,-0.11591538571968685,-3.749755923550398,-0.060465776463976884,-2.413983365157686,-0.18545614424344625,-8.892217976952304,0.04836447971316371,0.2989720992853005,1.9412304959070128,-0.11591538571968685,0.4907251938414822,-0.9448496810386362,-252.62867773484464,-0.060465776463976884,0.39762678483160624,0.0137877445177641,-0.012359290819386137,0.0012580469541396688,53.74448717354085,0.41926348684808323,-0.21505104605794118,0.9030239407658545,-0.17863518466206374,0.13675213675213677,0.0024205113025382017,0.018833471991805094,0.1285217778002604,-0.03147115091456043,0.03566559923893231,-0.00792167703309643,0.01605158489835734,100.79585356744131,-0.0014755740994495867,0.03091278154710775,-0.04773346252264523,-0.1022619432836076,0.10706505884492779,-0.011521209986470715,0.014038487477938344,114.65165451394016,-0.00017863486754043128,0.025048133030538603,-0.007131663957654658,-0.1022619432836076,0.10706505884492779,-0.011202588445030748,0.01283830815075232,127.22893599933414,-0.000594622467233621,0.02085600518612224,-0.02851085152343977,-0.1022619432836076,0.10706505884492779,-0.011308772769139108,0.009712791294100798,143.69664451477178,0.45554397119814016,0.5111417221543625,0.7954209423455956,0.8040373370363705,0.3309006043397351,0.2876369890315168,0.8040373370363705,-0.2182332205660227,0.1808570238233659,-0.2654329814517563,0,0,0,0,0,0,0,0,1,0,0,0,0,0,0,0,0,0,1,0,0,0,0,0,0,1201.0,1192.0,118.0,0.49741138988450817,0.04938271604938271,0.001528451323382696,0.020344574205025525,1.0850682373802323,42.514562271036475,0.016700501964320855,1.0612917295683109,0.017841033174450852,0.022952236531390894
BA,0.000537734107100142,0.1355089949892358,0.0005674442627898735,0.024352390489501885,0.38658221439093887,0.011817257966525118,0.35053085720130844,0.022348526080879307,0.19341543209878187,0.19627931177176441,6.68849057498437,4696.617133513464,-0.03589016717316473,-0.0673119120218769,-0.056966668455786185,-0.7006110811262884,4.528996717376992,0.976118734868401,2.756108050202547,0.040832553377338154,1.2705395522766598,0.04597639336230519,2.007022180567757,0.006484802339378204,0.2978472939329845,0.1846461821607308,5.944340356755469,0.144814492754042,5.375350281379626,0.15020183158584977,6.168775554720952,0.006484802339378204,0.345623572365206,0.22515139097720974,0.1846461821607308,0.4931021939007601,1.4978329802190415,-251.3798673140029,0.144814492754042,0.42766679082371195,0.04784191371475899,0.013639848898417739,0.062134319087257195,41.906698546082005,0.6060156234811204,0.07876566835564106,0.8941838565603709,0.21826946142039838,0.8205128205128205,0.0005319659551364719,0.021772238564763582,0.0244332227737671,-0.04789719626168221,0.05908777328714665,-0.010152326665352485,0.009268413693498623,82.0233630055886,0.0031678310670754883,0.031062518476232395,0.10198242842090754,-0.10471045415356628,0.13051030694125687,-0.007579295872673919,0.01599462231706017,91.17807563279324,0.0014336269220141793,0.026940475536205225,0.053214610858948366,-0.10471045415356628,0.13051030694125687,-0.009893161340887913,0.015407384979323868,98.35389381932326,0.0008512039852341955,0.024348726948073312,0.034958870213194056,-0.10471045415356628,0.13051030694125687,-0.011860474091694495,0.014869460828917047,107.4588555569435,0.5519270742396195,0.5910848312262816,0.49058113115480684,0.5053529484898336,0.3659430844378043,0.37899386609453783,0.6028217452620726,-0.1255644070575173,0.15369556188585473,-0.3230690515227194,0,0,0,0,0,0,0,0,0,0,0,1,0,0,0,0,0,0,1,0,0,0,0,1,0,1227.0,1142.0,142.0,0.5125448028673835,0.05137395459976105,-0.0016203991916759277,0.020084839441366124,1.2961924016786064,41.06373049623575,0.016223094847607915,1.005560723790498,0.01674685269969644,0.02406127836592366
CAT,0.0009146737612309513,0.23049778783019972,0.0007274626284499153,0.0189358477492962,0.3005972640529194,0.006115203342353992,0.7667993538012413,0.04864479181541438,0.5738799473211935,-0.028843589241965936,3.262809726054954,1114.1783168254,-0.028652004823621346,-0.05381665265534127,-0.04320646133772147,-0.4016480954006796,8.948599692931342,2.286613725084794,1.8358956374762514,0.06001687412113954,5.024682733571582,0.08727070361973288,7.438819094979189,0.10352762166497298,9.20429779532063,0.18044054446109636,7.500742790021083,0.06267151021001838,3.0117406134506353,0.20468285759207205,10.555794078360874,0.10352762166497298,0.17855246332257094,6.957795131256707,0.18044054446109636,0.38188282449488903,1.8900095305387197,-251.4957210826171,0.06267151021001838,0.33033368723193696,0.0608067030441779,0.0709876429395555,0.13611087050776494,77.54015884515191,1.0,0.16664357379919498,0.5800627986616482,0.28020756348096854,0.7606837606837606,0.00476201264527779,0.011247747950702491,0.42337476498843246,-0.01313323511080855,0.027719518496036377,-0.0038603894799682514,0.013357863702202266,150.79579130846537,0.0029214489564002833,0.024056356751914303,0.12144187029350596,-0.08635626898607429,0.09628281087232574,-0.006436946383535147,0.013944387836506644,195.54109985812673,0.0006973879618723191,0.02080906633530234,0.03351365941340716,-0.08635626898607429,0.09628281087232574,-0.008224182122191948,0.01237037461354823,234.34961812911274,0.0009256502105691452,0.01939056939464814,0.047737134053661555,-0.08635626898607429,0.09628281087232574,-0.008260905619751513,0.011718687903588543,291.4274304675788,0.6040974136939377,0.6538183038549731,0.48688343485289254,0.49795755588600493,0.3946650563954073,0.38954375261567287,0.6682411523115648,-0.2486204864596478,0.1835587735292209,-0.34869914160943744,0,0,0,0,0,0,0,0,0,0,0,1,0,0,0,0,0,0,1,0,0,0,0,1,0,1235.0,1121.0,155.0,0.5232974910394266,0.056152927120669056,0.023744927265483676,0.01450390614738586,1.1222278233118044,52.80988806203132,0.013576688450533695,1.0199928473635822,0.014655300451147109,0.018803118013162364
GE,0.0005889718220244535,0.14842089915016227,0.00010747842644631689,0.022139190474890495,0.35144875334910136,0.009489805452001546,0.4223116392811122,0.027026235847662953,0.18453502180040926,0.07226240776668029,4.588194902871839,2204.7019308912368,-0.03269799571851634,-0.06279988381324775,-0.051134392637890234,-0.8042966462522894,9.625048857574393,2.849821698720765,1.8721357779633832,0.03865871911636076,8.235358576503,0.08786985633392552,7.854266173071142,0.054185824000219984,3.526871254072237,0.28772267540889085,10.882313470146258,0.5061462183062673,22.45259855675894,0.6129817962478701,28.587908184988066,0.054185824000219984,0.2438913210526185,2.6660640698336104,0.28772267540889085,0.41971368373522155,2.7420852505766966,-250.9730144848125,0.5061462183062673,0.35785711412127,0.08007658450374233,0.044769816174732524,0.1284314146466079,56.74335516960853,0.8955442275199408,0.13161232993040037,0.7165242230327806,0.11810265778512719,0.8974358974358975,0.0026288948195768965,0.01536370910552943,0.17111068697797407,-0.03742891501945267,0.03525923304328216,-0.0002536467279572463,0.011315941235165106,100.76674255376737,0.004369172420081574,0.026439476881290797,0.16525184820026845,-0.11096310175561863,0.10568583380361063,-0.001700723630713663,0.014264757030078012,114.05868384823022,0.003508722125115308,0.022542879258574792,0.1556465828907224,-0.11096310175561863,0.10568583380361063,-0.0067400444591616815,0.014405114615164916,120.92735062843583,0.002129953615224661,0.02144199541573164,0.09933560631497707,-0.11096310175561863,0.10568583380361063,-0.007106686413057339,0.013624707427178362,129.22135603075427,0.5201907068984201,0.5649436533814465,0.5016552521879193,0.5053529484898336,0.344178742216704,0.3390963944652575,0.5655658191258478,-0.20375564906659832,0.16151720408203624,-0.3429475427096445,0,0,0,0,0,0,0,0,0,0,0,1,0,0,0,0,0,0,1,0,0,0,0,1,0,1188.0,1150.0,173.0,0.5009956192751892,0.053365193150139385,0.0010149401056045637,0.01841710385210024,1.1337778654297417,45.16876988497685,0.015139410965680576,1.0419561428983337,0.016060339371197847,0.021792595363419202
VZ,0.000235396096440022,0.05931981630288555,0.0002479175422724911,0.012298068639968301,0.19522578736655077,0.004112204428344214,0.30385236040312763,0.018795432701464904,0.1480492038622484,-0.06813854504722117,4.273590983472594,1912.7700838745614,-0.01913213583377621,-0.0332340622806435,-0.02875828200115511,-0.4006763613405132,1.8231538557176163,1.1590678223382087,6.849778577546507,0.0214825267776253,1.7114283197193343,0.006045155693491289,0.4911862568640948,-0.001384753536936456,-0.12796934359325524,-0.021478021415391235,-1.505744941854919,0.12856139362921493,8.868172722682598,0.1302892674540559,9.26428041066454,-0.001384753536936456,0.17177771095689476,-0.09673573102512287,-0.021478021415391235,0.22643477685739402,-0.3794120622896693,-252.1483385085957,0.12856139362921493,0.2301318341782778,-0.006128994476202965,0.008072510308707592,0.0018940394614133105,46.60713932952727,0.6065709102094589,0.05363662020818388,0.7694308413841457,-0.17481071943167048,0.3162393162393162,-1.0366663328875703e-05,0.010820978666092338,-0.0009580153190172865,-0.015294153550091893,0.022689649097451303,-0.008837511448197555,0.006373948391721562,221.75360767343085,-0.00024362714828994405,0.014264050184311152,-0.01707980167918271,-0.05677341551540982,0.026682434683102718,-0.010043375167830826,0.010579136041225512,295.1664928788695,0.001065410389777831,0.014496942904639949,0.07349207324509995,-0.06221506135322466,0.04137462172506767,-0.006512430657697049,0.010086322206249776,367.5605623924863,0.000585519870895668,0.014063614407015779,0.04163366926524773,-0.06221506135322466,0.04137462172506767,-0.005893151006391789,0.00886969268833987,492.6694133747852,0.3418350113676296,0.3901892809030429,0.4823553586834133,0.6789143443596631,0.29067320287490445,0.2998846120919818,0.6789143443596631,-0.03164261684962748,0.12520277326585516,-0.12149954736557153,0,0,0,0,0,0,0,0,0,0,0,0,1,0,0,0,0,0,1,0,0,0,0,0,0,1190.0,1102.0,219.0,0.5093588211867782,0.051772202309836715,-0.026023312254469008,0.012868595088172934,0.43971715317558385,81.31358095937392,0.008668333081025418,0.9889774792500984,0.008882834235217608,0.012524111584921128
T,0.00044338531785968565,0.11173310010064079,0.0006737923757094144,0.014268472947809044,0.22650498605133254,0.005497237765016012,0.49329201113179405,0.030048157297822467,0.31206642342338964,-0.18976712963864797,5.677673849419965,3387.760282434129,-0.02082788872791075,-0.042230877918342145,-0.034458631105596944,-0.35804268487112834,2.450935914924006,1.7605308784059,5.6234929204392285,0.026241125925452913,1.672661110866259,0.02660517863750611,2.0615863904317084,0.05697594671684203,4.675222954486751,0.03786967993199175,2.296841044010348,0.29056201630169864,18.248339046045277,0.6230776430819773,42.33304269788533,0.05697594671684203,0.1934592474319076,3.534136360386454,0.03786967993199175,0.2617344955349349,0.5787495431902229,-251.95842334200267,0.29056201630169864,0.25276432018366923,0.014079620512832403,0.032391565662480026,0.0469272471276565,66.16765355717445,1.0,0.04138857477349125,0.8279927609466344,-0.20560244499439118,0.5128205128205128,0.0027125340890292674,0.012186787084060456,0.22257991957347723,-0.02145917359683669,0.030626802446161117,-0.00282985222535026,0.01152736643320651,168.46314335638297,0.0007257223000835665,0.01648772344553292,0.04401591902490269,-0.0685314624986082,0.033661095751568615,-0.007819481219612734,0.012015984538959135,210.18433543548804,0.002153278860924181,0.015922655512292685,0.1352336524056428,-0.0685314624986082,0.0625,-0.004172026822247321,0.011472954397432122,244.01669809872683,0.002031889765161491,0.014718470569872416,0.1380503331182123,-0.0685314624986082,0.0625,-0.005252260940588116,0.010677576915686549,299.33534151437914,0.3990201011316487,0.4494215603537172,0.5263995393757042,0.6789143443596631,0.32418292453560443,0.3476147710207799,0.6789143443596631,-0.10332919122647828,0.13034583242084008,-0.17478968360670297,0,0,0,0,0,0,0,0,0,0,0,0,1,0,0,0,0,0,1,0,0,0,0,0,0,1231.0,1103.0,177.0,0.5217045001991238,0.050975706889685383,-0.009387447113626528,0.013517439331508032,0.5876145756769069,70.08458464040136,0.009808795651768542,1.0132655355487095,0.01003366687759063,0.014755823908437039
DIS,0.000164052809478681,0.04134130798862761,9.440702203167284e-05,0.017267721207280956,0.2741165761395686,0.0072403480716590205,0.15081651963863127,0.009544634631537558,0.07025430866619861,0.03194928618472544,6.07684702331736,3864.0264838073194,-0.026027679239586488,-0.04494519299812044,-0.04069570535727636,-0.5884522782090675,2.5455120806426423,1.0987340729632618,4.344784297740904,0.057654602441198355,12.977186489534828,0.055950728221092705,6.248449778162613,0.11175535066289144,11.490953269731493,0.22179339463504832,8.412464117190916,0.06451032945029866,3.03409222364881,0.18327900733609015,10.108406509492681,0.11175535066289144,0.15438764318031403,8.68634419393544,0.22179339463504832,0.41852909430567115,2.119741711175399,-251.13236040734495,0.06451032945029866,0.3375209640432315,0.09136819240096217,0.05709634244743156,0.15368132445052196,78.20676091443704,1.0,0.051034270466242426,0.5363919381262471,0.35052470540771064,0.9487179487179487,0.005102282940515243,0.00972550736563064,0.524628972936302,-0.011299036859342637,0.026543291456379237,-0.0019514971153350436,0.01217459013307165,130.8833704348432,0.003526633088478196,0.02636485476137868,0.13376265943419066,-0.09029752233380652,0.09074419942014157,-0.004878653353879103,0.012616046140888515,156.39339911706045,0.0007206056886550813,0.02126182221736099,0.03389200047334996,-0.09029752233380652,0.09074419942014157,-0.007367812083095365,0.009436991132978578,174.36666888932376,0.0008315328018323853,0.018131345149601498,0.04586161671797755,-0.09029752233380652,0.09074419942014157,-0.006722833464161693,0.008772981152489034,193.59783070126736,0.6111151479970149,0.6429984994616773,0.3298405536994543,0.37388473439174524,0.38851571761717485,0.41803466948087553,0.6429984994616773,-0.12365997055599846,0.1562817409320066,-0.38761296899802394,0,0,0,0,0,0,0,0,0,0,0,0,1,0,0,0,0,0,1,0,0,0,0,0,0,1164.0,1153.0,194.0,0.5017921146953405,0.051772202309836715,-0.030513872274029144,0.013312854939192284,1.0077732185806714,57.91152103951903,0.011638048574365697,0.9877080426870731,0.011881567316204423,0.017187961175236053
NEE,0.0006377973707573975,0.16072493743086416,0.0011598371206211766,0.015232776722376315,0.24181283390628788,0.006556974462893594,0.664666696281106,0.03996712867329852,0.37238224734070163,-0.26758123040391385,5.058625715408673,2707.2862288749193,-0.02249037456712072,-0.045501431910666475,-0.036627977540114764,-0.4316127811641165,4.609642127311899,1.3430780175850563,2.5690749940247044,-0.018521209187244647,-1.3430554257294465,-0.07167692829430095,-5.996935839596023,0.014374796197356376,1.0373419957223906,-0.006647012894457571,-0.3068460729014007,-0.03225429741418129,-1.6118123181784976,-0.025606296247868587,-1.406828199757865,0.014374796197356376,0.21997838345852494,0.7841568414871067,-0.006647012894457571,0.34387944901270556,-0.07731794282608588,-252.19062182023868,-0.03225429741418129,0.31766793953086125,0.03001009398340293,-0.03144796236677683,-0.0023816246895873583,38.602922872271414,0.09717771239954097,-0.25826270637058124,0.7613319141689018,0.019131622547449267,0.3333333333333333,0.0007714206152949091,0.01385733562955378,0.05566875450787862,-0.02602328816362187,0.023916522437103405,-0.011184054746479655,0.011404068495538988,146.23628573709158,0.00012759210173851797,0.02166236912079845,0.005890034512246142,-0.07249789384195848,0.054125757438430844,-0.013049157232511654,0.012286554487205836,169.33166521509966,-6.046031873998794e-05,0.0200111992261182,-0.003021324112403838,-0.07249789384195848,0.054125757438430844,-0.011413303680225667,0.011371712905967168,191.2501803497524,6.330888480871573e-05,0.018201437995254737,0.0034782353364179726,-0.07249789384195848,0.054125757438430844,-0.010158793703899271,0.011192833986499062,222.82863865343276,0.4129732624017169,0.44214954656311467,0.0,0.0,0.30863504996471197,0.29087505106087874,0.5754839188455583,0.13682859452835253,0.10909306590463991,-0.20657678351462816,0,0,0,0,0,0,0,0,0,1,0,0,0,0,0,0,0,0,1,0,0,0,1,0,0,1278.0,1054.0,179.0,0.5436081242532855,0.051772202309836715,0.004725707052250807,0.014287344796238909,0.6171765561819327,65.64791293310573,0.010563541215738746,1.0474763751751464,0.010744944446149105,0.0159580483244347
AMT,0.0005467940550727287,0.13779210187832763,0.0008975913227324828,0.015848524085041525,0.25158752025862413,0.00613873045279166,0.5476905282769259,0.03412097730641073,0.2984609258257427,0.07625881146148894,3.661961831570949,1405.4512787439319,-0.025400996474030046,-0.043427897221030944,-0.036066308232169546,-0.46167551580530164,4.043998073254093,1.3300572024150177,3.085580800828845,-0.0027523376659857046,-0.201087038651711,0.028957174731531143,2.5962640270932544,0.04234477736207998,4.358140619150876,0.04190158982282122,2.2812545958768347,0.2267200611125595,12.893788903051048,0.18459578708925872,10.782993818573326,0.04234477736207998,0.15424066364011388,3.2944446448349356,0.04190158982282122,0.29157951876951843,0.5748221274203102,-251.96842474984288,0.2267200611125595,0.2791320240047939,0.0050344833357929275,0.024424577258227664,0.029582025721210936,69.29636277672478,0.8552827729129523,0.0361293908117192,0.5675657577869385,-0.1354841374810094,0.5384615384615384,0.002021804901701071,0.009716248524888225,0.20808493077572135,-0.01701976024820162,0.019082256928460772,-0.002515717052080868,0.008676986453799662,154.79139185992832,0.0008183303512152415,0.018367783192000883,0.04455248315276402,-0.05478019497627873,0.047468048791156514,-0.006570104647059982,0.008983307274827101,182.3113458284327,0.001775908277222421,0.01758366472549516,0.10099761937836944,-0.05478019497627873,0.061197928864393125,-0.006935804282821895,0.009418249480473262,205.93480491602855,0.0008187499118846441,0.01711915913104751,0.04782652615219573,-0.07659579759796908,0.061197928864393125,-0.007663503845770164,0.008818872743986572,240.38496755173472,0.45321887806831196,0.48052441369496746,0.0,0.0,0.33305070130433656,0.3187094754710435,0.7204412110880231,0.11473603343766801,0.12404355300335765,-0.21727547457631619,0,0,0,0,0,0,1,0,0,0,0,0,0,0,0,0,0,0,1,0,0,0,0,0,0,1247.0,1098.0,166.0,0.5264834727200318,0.05137395459976105,-0.0016441120565889463,0.014284616142204607,0.697855397889665,63.09735812837236,0.011350412671483673,0.9409990119005456,0.011579870818174234,0.016025158076875944
LIN,0.0007178362036741468,0.180894723325885,0.0005527522537747132,0.014192691979500639,0.2253020004737983,0.005426294980765161,0.8028988777084662,0.051224081042775545,0.5912557855704326,0.04269206764666208,3.5669099277028335,1331.8905713739168,-0.022489534090392727,-0.03745147089317071,-0.03223713019768282,-0.3059500266054245,5.934618704646571,1.9782960458072765,1.9583861831134872,0.02051113143182426,2.6762972764450565,0.006867208064740282,0.8420969597231438,0.014213886257639974,1.6675378521281277,0.020027775877467846,1.185060825666336,0.1035702514838861,7.56539320139525,0.07814010839160801,6.740263137608016,0.014213886257639974,0.13531234023916258,1.2605401310050928,0.020027775877467846,0.26828250400931425,0.2986072603045709,-252.10248814384906,0.1035702514838861,0.21732205162865395,0.0177341858465907,0.006226643769984941,0.024071254074393034,46.94208891871226,0.6306771991018655,-0.0030873476573231914,0.73525837004977,-0.06187438167363668,0.3418803418803419,0.00070691504604639,0.008523876228356703,0.08293351840265686,-0.014761521258538912,0.01560584694206435,-0.006390861541743842,0.007417082462445546,174.0731209619184,0.0004550071010744594,0.01690020920757939,0.026923163819202796,-0.06262577654484658,0.07353224240718581,-0.007008323710325004,0.007749697629870322,207.78636528659064,0.0008752101665261044,0.013690002452851418,0.06393060699151383,-0.06262577654484658,0.07353224240718581,-0.006389813587850568,0.007908395886454589,234.32915842570122,0.000365524346424248,0.011593035286058333,0.03152965012224399,-0.06262577654484658,0.07353224240718581,-0.0060685567323902345,0.006889769819049429,274.21298027649084,0.6530580084672466,0.6905063498221292,0.2047486991758223,0.2047486991758223,0.43302588324289454,0.43868083605080277,0.6905063498221292,-0.141217506723452,0.1485762788064727,-0.37076478586872125,0,0,0,0,0,0,0,0,0,0,0,0,0,0,1,0,0,0,1,0,0,0,0,0,1,1214.0,1091.0,206.0,0.5228992433293509,0.06053365193150139,0.01428971137534371,0.010326075531019966,0.8980357266091129,70.45879678389134,0.01009190741968487,1.0368054429827966,0.010914483160664464,0.014013647274115184
NEM,0.0007117349017638217,0.17935719524448307,0.00046853660787538054,0.022602591956770304,0.35880502381849805,0.007394601019430229,0.4998737011419637,0.0318692496422085,0.2911922103322317,-0.009807806903289749,3.6339785458927327,1381.6970893363177,-0.033798453274501705,-0.06246177452124639,-0.051962286303130385,-0.6159409107813976,6.252413765749876,1.5276939264798397,3.006623955509402,-0.02018164785429377,-0.7109044669663908,0.0062175610736965314,0.301984523315546,0.10929165677341524,4.4040009558819335,0.21740326462365744,7.597057147402562,0.5369419336685535,21.887875698050582,0.49211622003151945,21.600295813074375,0.10929165677341524,0.3939488847891658,3.3291118008440956,0.21740326462365744,0.4542771980630078,1.914278467425995,-251.29147418945468,0.5369419336685535,0.3894251350565712,0.043882625550599075,0.03207289043521655,0.07736295862710985,66.98500063361479,0.6972812304191203,-0.09629165916566285,1.0892601720586566,-0.04507234911118663,0.8461538461538461,0.0052429500973855655,0.024816447105318332,0.21126916657872294,-0.04105423824218957,0.054248872233114476,-0.004442961965082759,0.019462577104550238,127.19363760644583,0.0035288696320921404,0.028616773627665487,0.12331472715989822,-0.08586805016152166,0.08429723350967122,-0.012528402229840252,0.01922794764069602,151.94782915915138,0.003714779758972434,0.024531477658034023,0.15142910715595842,-0.08586805016152166,0.08429723350967122,-0.008391310840811406,0.018637645996177232,176.0881783507486,0.0018498549504499216,0.02278284632257897,0.08119507651757368,-0.1136591625098441,0.08429723350967122,-0.008549614294335234,0.015313620283268381,222.4153993314251,0.18900385274592266,0.20198451319725758,0.2047486991758223,0.2047486991758223,0.15565082588212717,0.13964570689602743,0.6568027039199688,0.044625492608606945,0.0963736978542684,-0.08810897604477327,0,0,0,0,0,0,0,0,0,0,0,0,0,0,1,0,0,0,1,0,0,0,0,0,1,1217.0,1175.0,119.0,0.5073675826363998,0.053763440860215055,0.006137762965899251,0.023046725305923315,0.4148783572296688,44.242713486692104,0.016066700999714807,1.0680201863090035,0.017003420755921456,0.02233296703732807
SPY,0.0005702795646958726,0.14371045030335988,0.0006553445099866106,0.010912866428954985,0.17323638397128246,0.005377707299325303,0.8295627454748933,0.049106496249018756,0.5314045471333741,-0.3194185128759739,5.267939016765198,2946.1661587958256,-0.01740356648218694,-0.033158404337921665,-0.02719062975008502,-0.27043511591798786,3.9638855566700295,1.8617246133246594,2.6755314469249316,0.029492544283666433,7.564228899407371,0.03798412229501702,6.031697369026001,0.05021016955904867,8.157593690517798,0.06963442567350109,4.141202770185094,-0.008579670011179985,-0.6175921908239353,0.09985533872030672,8.576083982826669,0.05021016955904867,0.0977079469604201,6.1665612005199115,0.06963442567350109,0.2669302372933467,1.0434850151049073,-251.86102892104196,-0.008579670011179985,0.22053070150026174,0.03563769274692463,0.02893797920049579,0.06560695475888467,69.9078402238845,1.0,0.04346263689415952,0.5286245807086692,0.14275669418634707,0.6752136752136753,0.0023536284442328033,0.006155022113618066,0.3823915496624082,-0.011180122082398825,0.011047245877038092,-0.0011184904808482221,0.005702652159287558,178.61520705033527,0.001209236949246027,0.016815024411467948,0.07191407634361328,-0.05711361190065762,0.058255420536043594,-0.0028264271108930372,0.007027397312916017,206.1086412417148,2.785990287117102e-05,0.01389212839581693,0.002005445247652616,-0.05711361190065762,0.058255420536043594,-0.00523474826764167,0.00668212914318822,237.40434408164057,0.00044561750779740746,0.011643465586421937,0.038271896325872745,-0.05711361190065762,0.058255420536043594,-0.003981424343804746,0.006233900039756601,277.75915075837975,0.9641863037971588,0.9957452230349587,0.9957452230349587,0.9957452230349587,0.5832809071382504,0.60887342662113,0.9957452230349587,-0.16583653520645636,0.2109794580012576,-0.5959829131981038,0,0,0,1,0,0,0,0,0,0,0,0,0,0,0,0,0,0,0,1,1,0,0,0,0,1208.0,977.0,326.0,0.5507765830346476,0.05296694544006372,0.0,0.0,0.0,91.63495278808796,0.007401770205327523,0.9251408418341686,0.007839740448624139,0.011613118594411383
QQQ,0.0007820101767887764,0.19706656455077165,0.0012271405623434095,0.013881382690896575,0.2203601187229736,0.006142670314460358,0.8942932400509118,0.052841978509797,0.5603509111305215,-0.18660280248561148,3.68360630319581,1434.2243819725159,-0.023181805711830317,-0.03940135263783738,-0.033623503696330104,-0.35168420473018436,6.142554342885833,2.145021474344061,2.0284967103606473,0.03759990466737251,7.296874142416291,0.048010280115046156,6.038758642789307,0.06218056530179816,8.30250472051642,0.12718210808424768,6.644200733944848,-0.0011151778767584108,-0.0663769026864714,0.10533076257904916,7.067844272622728,0.06218056530179816,0.11889013089997039,6.27610364269322,0.12718210808424768,0.3038670046394627,1.6741812193153234,-251.67990097223935,-0.0011151778767584108,0.26670271224678377,0.04842221272268987,0.0348412183957596,0.08495052000712677,70.15686287951756,1.0,0.04797572421267832,0.5025476869666762,0.24100336646019926,0.8290598290598291,0.002903379172771498,0.007489374278600905,0.3876664544683271,-0.012554621902621577,0.015292023905712604,-0.0015771578651582185,0.007898128398173387,155.68786031117793,0.002082978154707799,0.019141822045574537,0.10881817570701792,-0.06210887769707407,0.07200814281637967,-0.003351463917660169,0.009562831531789162,182.5772096325887,0.00013161554681931573,0.016800691680747864,0.007833936204551372,-0.06210887769707407,0.07200814281637967,-0.006737565863538686,0.009027977980240132,214.46313102776682,0.0005085045845905396,0.014902813151535866,0.03412138227997133,-0.06210887769707407,0.07200814281637967,-0.005282496601182074,0.008827494574402295,251.41207278463645,0.930139933466336,0.9326273845593589,0.0,0.0,0.5138031684700768,0.4977843287596959,0.9326273845593589,-0.11210941051527125,0.22261445874646532,-0.6360699806899395,0,0,0,0,0,0,0,0,0,0,0,0,0,1,0,0,0,0,0,1,1,0,0,0,0,1287.0,972.0,252.0,0.5623257666268419,0.05814416567104739,0.039166374266296496,0.0054059283265110065,1.1863205434942854,72.038933171679,0.009732162383569477,0.9258068999281146,0.0100437534674476,0.014799032868229759
IWM,0.00041890611763125514,0.10556434164307629,0.0007946623482568693,0.014093239538549107,0.22372324191758175,0.005734623502918188,0.47185236874926717,0.029032440975504538,0.3287341246039886,-0.1304736861073012,3.474073764757991,1269.8631349045068,-0.02176528258372834,-0.03758132965236962,-0.03253190938736237,-0.32112377067712383,2.8702503286657053,1.3552691005766933,4.139305192045001,0.018982806500300153,1.7131405073254533,0.035888121255786665,3.6542885787558976,0.04980917571868315,5.127092743972613,0.06753829149969626,3.5393221884781485,-0.03993805744272538,-2.506288284902303,0.07903329288823358,5.208878097441263,0.04980917571868315,0.15421920204077721,3.8757178140900823,0.06753829149969626,0.30292159984319056,0.8918253638520055,-251.83023303746708,-0.03993805744272538,0.2529625226522955,0.03400233039228717,0.021723075501248967,0.05646404108386616,56.14794757610341,0.8826063577028319,-2.16660709974603e-05,0.6402834820539863,0.16821510075160306,0.7008547008547008,0.002362269119107207,0.009714896571207582,0.24315947182683922,-0.018281788582410696,0.01622872303437184,-0.003978913684152596,0.011789937142114626,167.2080214757861,0.0012173491925730245,0.01908226714130727,0.06379478830048636,-0.06419624213178454,0.07297452314407689,-0.005683296776932523,0.011780194119843879,192.51487197810957,-0.00019735902716895448,0.015935141094226588,-0.01238514463109831,-0.06419624213178454,0.07297452314407689,-0.008516780092956089,0.009514399935221907,219.39315893379708,0.0004164724517337399,0.015172805239396335,0.02744861251183566,-0.06419624213178454,0.07297452314407689,-0.007706126185478612,0.009049367297937205,250.57469898846068,0.8408981075146836,0.8966642991566279,0.0,0.0,0.5152792200870032,0.5507187203572255,0.8966642991566279,-0.14900848711366235,0.2045648664879806,-0.5279144253112767,0,0,1,0,0,0,0,0,0,0,0,0,0,0,0,0,0,0,0,1,1,0,0,0,0,1237.0,1101.0,173.0,0.5276782158502589,0.05017921146953405,-0.020982038721275548,0.00721442987859547,1.1153774358802353,70.95600676229971,0.01024145161003095,1.0248765473597814,0.010424188234317167,0.01442889759027488
VTI,0.0005502307951386125,0.13865816037493034,0.0007227487920238307,0.011101707004992797,0.17623413518108785,0.005409781136214159,0.7867837875588254,0.04642755109116753,0.489065319879171,-0.3459464612915635,5.072589363972988,2742.2085560383834,-0.01737674501816694,-0.0331332770183181,-0.027610998768686407,-0.2835166484697532,3.849395805628892,1.8135628774759682,2.774995832625031,0.02902152537341518,6.013169586020442,0.03841536414372704,5.918960519716522,0.05076389243509882,7.878259192104815,0.07278235504746422,4.3102258937326825,-0.009282082028428618,-0.6633046836292605,0.10620777673658877,9.006719757615606,0.05076389243509882,0.102288055030864,5.955404167547993,0.07278235504746422,0.2680565001048268,1.0860748389835992,-251.84294465824277,-0.009282082028428618,0.2221429876999055,0.03570949749455554,0.02860525494900279,0.0653362317234909,68.9089881978582,1.0,0.039680367806842184,0.5464305632284692,0.14927917352120035,0.7606837606837606,0.002380512608601409,0.006443541802479955,0.3694416334329064,-0.011814950725960727,0.011679325054950285,-0.0011677672145831153,0.006898742728143503,177.67437313789486,0.0012570733621998715,0.016885972299803147,0.0744448314779319,-0.058216171966423244,0.059319428721841636,-0.0029602990797166218,0.00737899129627384,204.246846281723,2.362046342675177e-05,0.01399369287978165,0.0016879363888912453,-0.058216171966423244,0.059319428721841636,-0.005507469664348341,0.00669341466947343,234.15595070352867,0.0004702050973718784,0.011792059661541657,0.03987472170831989,-0.058216171966423244,0.059319428721841636,-0.003987339917930516,0.006459500380803784,272.914158132113,0.9616988527041359,0.9957452230349587,0.9957452230349587,0.9957452230349587,0.5815964623621455,0.6156756272229896,0.9957452230349587,-0.16082761975019305,0.2127442201934282,-0.6007588733387634,0,0,0,1,0,0,0,0,0,0,0,0,0,0,0,0,0,0,0,1,1,0,0,0,0,1215.0,970.0,326.0,0.5487853444842692,0.05137395459976105,-0.019412694040900253,0.0010327659579355477,1.0129759939537608,90.0762377848981,0.007588005022774665,0.9519642690203939,0.007923683951424936,0.011851385270313977
EFA,0.0003637156484817515,0.09165634341740138,0.0005803893994273945,0.010438685283090969,0.16570899164117148,0.004502016742868089,0.5531162944728749,0.033489429570585316,0.3103646450206438,-0.22207058234379115,4.6355424905816305,2268.847065063009,-0.016056727425187323,-0.02892826454729409,-0.02460267601500533,-0.29531824867263756,2.305014302408392,1.5039598825143774,5.311735840886653,0.027707472289062895,3.622828318898305,0.0191424209338944,2.248015366602972,0.025463183795958022,3.442498360995331,0.09349027086556494,6.895100706356694,0.1886264448433672,16.552698122423102,0.1690693041835778,16.495753696745815,0.025463183795958022,0.1174192313501455,2.6022841576974574,0.09349027086556494,0.21524153213859348,1.7374020698824386,-251.71025969046732,0.1886264448433672,0.18089812067668,0.024420767563715584,0.01613577798763033,0.04095059363504161,57.032573699044576,0.9625116248660412,0.030790806023432198,0.721682809953294,0.006487965941080587,0.8632478632478633,0.0012241405544527832,0.007396716316401033,0.16549783743070526,-0.01283325967371729,0.012186681049481063,-0.0016694399964340967,0.007529265748782654,212.13712613625484,0.0015102433699547356,0.013558942044077019,0.11138356997509687,-0.05496009790939848,0.05559683070102799,-0.0034545865442057733,0.007610783059763704,247.5595041833382,0.0014368191109785673,0.011395510474986818,0.1260864192203052,-0.05496009790939848,0.05559683070102799,-0.0034327597814437505,0.007196133227318657,280.34683462417837,0.0006724288476417309,0.010249262161142154,0.06560753711531533,-0.05496009790939848,0.05559683070102799,-0.004970655923682982,0.005723994094535667,330.9519964275902,0.8132124698336799,0.8468880685665788,0.0,0.0,0.5223516647473881,0.5268850946607475,0.8468880685665788,-0.1439084965096267,0.1840824321551538,-0.5005365411069181,0,0,0,0,0,0,0,0,0,0,0,0,0,0,0,1,0,0,0,1,1,0,0,0,0,1192.0,1044.0,275.0,0.5292712066905615,0.04898446833930705,-0.034331681031765066,0.006016714300211506,0.805503820873579,95.79750446350202,0.007378276028387825,0.9502303648668916,0.007545798550724838,0.010860610441726154
EEM,0.0002962038201663632,0.07464336268192352,0.0007928282762430516,0.012747513370346523,0.20236050127444627,0.004671646035340708,0.3688633019380119,0.022456388451220305,0.1837035412560601,-0.12034359204100147,3.255154982923133,1114.6710131539296,-0.019628719195071476,-0.033677890536102,-0.02894361986919735,-0.40632511584455455,2.2790147205276803,1.284223188831102,6.3165473988722916,0.03275535482728675,2.848334952047203,0.03390631189388693,3.139239579172908,0.05701656795415588,6.030403290475402,0.1093328973397556,7.032316591416946,0.1387313002368793,10.532244234733813,0.16231713534069736,13.371382151470625,0.05701656795415588,0.15009111545362563,4.558556403435291,0.1093328973397556,0.24680429504456988,1.7719772230059674,-251.6277738671803,0.1387313002368793,0.20909989056859088,0.03321798019620026,0.027286444872277826,0.06141082565387013,63.57879387406732,0.8768300881528931,0.01819996374836975,0.7788729952599329,0.08283192277421025,0.905982905982906,0.002686438451487564,0.009454851559299458,0.28413332929011226,-0.015876258565843182,0.025904498141488652,-0.00021459206392393515,0.007249516745421625,201.33062102280294,0.0017669013659646741,0.015547209218822477,0.1136474939711718,-0.05562020291402525,0.06598151681192618,-0.00248533537618284,0.007402544405387568,244.63993683580637,0.001117448512187797,0.013172054990840716,0.08483478948158225,-0.05562020291402525,0.06598151681192618,-0.004377441060310183,0.007504479824058552,288.840529358535,0.0006702997321648184,0.012139144143961604,0.05521803878556354,-0.05562020291402525,0.06598151681192618,-0.005000320086051557,0.006685388717198981,362.26051526136393,0.7351127853228169,0.7485449570717175,0.0,0.0,0.45357324230525325,0.47233152663729955,0.8287321022822141,-0.1320771359957861,0.17002092006801547,-0.47390459331639073,0,0,0,0,0,0,0,1,0,0,0,0,0,0,0,0,0,0,0,1,1,0,0,0,0,1227.0,1098.0,186.0,0.5256869772998806,0.04938271604938271,-0.03161085495440848,0.008670304707822731,0.8666321020599431,78.44667198594328,0.00939154112472681,1.0139260806954875,0.00935239492881693,0.013190180638786873
TLT,2.474585442883361e-05,0.0062359553160660705,0.0004742491037492691,0.009354207532167572,0.14849344105321574,0.0031823913783466384,0.04199481991821635,0.0025823372313131523,0.012884372753438672,-0.01101757050547151,2.1913075032882556,502.4421149521844,-0.015094201271749708,-0.0231483487563812,-0.020500029339633335,-0.4839937058171322,1.9361517971763413,0.8314334013873504,6.324094957318711,0.01705662572538369,2.7051462253429963,0.02224021925428299,3.2024455296107073,0.028189489876997653,3.586513888336367,-0.010162197760746339,-1.0450207537426874,0.022239135172433144,2.5248601345404884,-0.01258404100210786,-1.402449138524203,0.028189489876997653,0.12477137764812199,2.7111496634906587,-0.010162197760746339,0.15437003304957805,-0.2633204789813735,-252.0477929386074,0.022239135172433144,0.13982371593850546,0.0006254208812461748,0.020414065696105155,0.021052253960309075,68.31811101318782,0.9746751885419458,0.05002930699329112,0.8759547969557419,-0.04289617989385908,0.4444444444444444,0.0013540513741089491,0.007859857999901305,0.17227427952590896,-0.01272410078602626,0.01623335159086925,-0.0018465511747461916,0.005149751866094121,298.98503399550157,-0.00011529285960424193,0.00972439803166679,-0.011856040777927764,-0.03015616639382912,0.01623335159086925,-0.006501813213129648,0.0067176711236831554,346.14427502496557,0.0002131744088841323,0.008808066184814837,0.02420218063888375,-0.03015616639382912,0.017247100557071793,-0.006268777540400616,0.0058096417694690206,377.9209955706999,-1.0098603549392393e-05,0.008972903655778975,-0.0011254554753731712,-0.03015616639382912,0.03116143082162015,-0.0060180061637865045,0.005665533040265902,416.98670891226544,-0.14625785515730688,-0.11210941051527125,0.0,0.0,-0.0973528416392786,-0.10201182171383547,0.29832725380238734,-0.3323489665192313,0.12337443911455014,0.0753908414322956,1,0,0,0,0,0,0,0,0,0,0,0,0,0,0,0,0,0,0,1,1,0,0,0,0,1195.0,1099.0,217.0,0.5161290322580645,0.04540023894862605,-0.03518112350396988,0.01550643231179016,-0.1421504951825344,106.90376459589606,0.007102456590113989,0.9740009403120626,0.00690447736815086,0.009582735410684537
GLD,0.0004412817161498369,0.1112029924697589,0.0005401616803368814,0.009078908300460344,0.1441232012338689,0.0028214662410985265,0.7715828646444625,0.048330967343798985,0.5222204195876666,-0.04156985078667484,2.322648175732697,565.143107077944,-0.0146207714176389,-0.02331723416884489,-0.020371899097687458,-0.21294263552076775,3.147164264128576,1.9188213034839579,3.551272261527568,-0.02009129571100865,-1.5758228786511306,-0.0362326398654752,-3.752250348176803,-0.0025522686321898247,-0.23181083935636124,0.07311831722940076,4.641320326473064,0.26254963340734405,21.046613765446587,0.4339542005203567,38.76036954910468,-0.0025522686321898247,0.17478047442184774,-0.1752325234703074,0.07311831722940076,0.2500834289360869,1.1695027941749374,-251.8135342139896,0.26254963340734405,0.19802930140166478,0.00897500495618564,-0.013097550319551732,-0.004240095942398048,47.24019328763063,0.20119097987567025,-0.07666647120525659,0.9834146098229487,-0.10340584896601124,0.7350427350427351,-6.409514847260933e-05,0.011010134984526044,-0.005821467998593157,-0.018123728993798327,0.026581051258171673,-0.006576942326457891,0.005412290790508978,331.1860286827439,0.0012424033720523585,0.015753775237694764,0.07886385030298035,-0.028190568373488878,0.03699125081478161,-0.010290302572972199,0.012650435684635086,421.2955340561559,0.0019289332106556204,0.012474673424110936,0.15462795257849363,-0.028190568373488878,0.03699125081478161,-0.00595520281494849,0.00868733139673461,509.11773881610304,0.0014936730107726402,0.011195822061773426,0.13341342891403915,-0.030386729020158154,0.03699125081478161,-0.005400767164691372,0.00863251422868866,582.4231697743734,0.035896782452034155,0.046232669363491366,0.0,0.0,0.05135768705511452,0.03296063672990135,0.6568027039199688,-0.13498478690154808,0.11877791110144474,-0.03308033850239606,0,0,0,0,0,1,0,0,0,0,0,0,0,0,0,0,0,0,0,1,1,0,0,0,1,1191.0,1044.0,276.0,0.5308641975308642,0.05296694544006372,-0.009218540813895938,0.013993304488231531,0.023950910281220265,110.14540150706172,0.006706098522525803,1.03665447278205,0.007015896550144212,0.00913041348853645
VNQ,0.0003579413450477728,0.09020121895203875,0.0007597956811438156,0.012477554087290458,0.19807503051196843,0.005650805354891661,0.45538914581456275,0.027496532467290596,0.258570553298566,-0.12106566640973758,5.200305520841641,2835.526357795383,-0.019461172329734933,-0.035473476077798216,-0.029441509127788583,-0.34884567403885813,2.1688418176222166,1.2421378343464016,5.669855751265752,-0.013654812577234554,-1.1162615030325518,0.0011683885166691166,0.11776520640353741,0.006884834052460542,0.9107346331066656,0.002507627700375936,0.1684666434928893,0.016204041843682848,1.2555045568136265,0.12410578231240099,10.852468330084767,0.006884834052460542,0.12000570567053119,0.6884506713068255,0.002507627700375936,0.23629221091040084,0.04244960408494884,-252.0815279306446,0.016204041843682848,0.2048827209099497,0.010908123198252628,9.31916406305966e-05,0.01100233138478024,49.65645521799512,0.5032468280969858,-0.01857466133675964,0.6610558232475455,-0.011154526845744472,0.41025641025641024,0.0003541726612268211,0.007559648883643691,0.04685041153076844,-0.02406475428252053,0.015028411232619332,-0.0009281140761694395,0.0034605924040180813,170.738833231626,0.000148664407184869,0.014885010162155817,0.009987524735645712,-0.04339915320433352,0.05965660756265945,-0.0037478218466754365,0.006139102501662386,191.8622576474174,0.00021019285321105088,0.01290639827290425,0.016285941962005827,-0.04339915320433352,0.05965660756265945,-0.005164771389565503,0.006382613467032672,212.48993601060255,0.000529567465270381,0.011435719371634567,0.046308189984438836,-0.04339915320433352,0.05965660756265945,-0.004635470222270788,0.007322302526670377,246.77574040544584,0.6717824113980314,0.7253906557101965,0.0,0.0,0.4676466440753775,0.47373814187986163,0.7253906557101965,0.05427797107802219,0.13980029361307347,-0.375447325100586,0,0,0,0,0,0,0,0,0,0,0,0,0,0,0,0,1,0,0,1,1,0,0,0,0,1229.0,1063.0,219.0,0.5324571883711668,0.04460374352847471,-0.023725735947774204,0.008949700026819184,0.8173726194502178,80.1439122607044,0.008783955923251732,0.9484434047907185,0.008830298263696567,0.013017690338720845
